query_id	company_id	relevance	judgement_source	rationale_id
syn-q-lumber-middlemen-01	syn-co-000001	2	controlled_constraints	syn-q-lumber-middlemen-01:syn-co-000001
syn-q-lumber-middlemen-01	syn-co-000002	2	controlled_constraints	syn-q-lumber-middlemen-01:syn-co-000002
syn-q-lumber-middlemen-01	syn-co-000003	2	controlled_constraints	syn-q-lumber-middlemen-01:syn-co-000003
syn-q-lumber-middlemen-01	syn-co-000004	2	controlled_constraints	syn-q-lumber-middlemen-01:syn-co-000004
syn-q-lumber-middlemen-01	syn-co-000005	2	controlled_constraints	syn-q-lumber-middlemen-01:syn-co-000005
syn-q-lumber-middlemen-01	syn-co-000006	2	controlled_constraints	syn-q-lumber-middlemen-01:syn-co-000006
syn-q-lumber-middlemen-01	syn-co-000007	2	controlled_constraints	syn-q-lumber-middlemen-01:syn-co-000007
syn-q-lumber-middlemen-01	syn-co-000008	2	controlled_constraints	syn-q-lumber-middlemen-01:syn-co-000008
syn-q-lumber-middlemen-01	syn-co-000009	0	controlled_constraints	syn-q-lumber-middlemen-01:syn-co-000009
syn-q-lumber-middlemen-01	syn-co-000010	0	controlled_constraints	syn-q-lumber-middlemen-01:syn-co-000010
syn-q-lumber-middlemen-01	syn-co-000011	0	controlled_constraints	syn-q-lumber-middlemen-01:syn-co-000011
syn-q-lumber-middlemen-01	syn-co-000012	0	controlled_constraints	syn-q-lumber-middlemen-01:syn-co-000012
syn-q-lumber-middlemen-01	syn-co-000013	0	controlled_constraints	syn-q-lumber-middlemen-01:syn-co-000013
syn-q-lumber-middlemen-01	syn-co-000014	0	controlled_constraints	syn-q-lumber-middlemen-01:syn-co-000014
syn-q-lumber-middlemen-01	syn-co-000015	0	controlled_constraints	syn-q-lumber-middlemen-01:syn-co-000015
syn-q-lumber-middlemen-01	syn-co-000016	0	controlled_constraints	syn-q-lumber-middlemen-01:syn-co-000016
syn-q-lumber-middlemen-02	syn-co-000001	2	controlled_constraints	syn-q-lumber-middlemen-02:syn-co-000001
syn-q-lumber-middlemen-02	syn-co-000002	2	controlled_constraints	syn-q-lumber-middlemen-02:syn-co-000002
syn-q-lumber-middlemen-02	syn-co-000003	2	controlled_constraints	syn-q-lumber-middlemen-02:syn-co-000003
syn-q-lumber-middlemen-02	syn-co-000004	2	controlled_constraints	syn-q-lumber-middlemen-02:syn-co-000004
syn-q-lumber-middlemen-02	syn-co-000005	2	controlled_constraints	syn-q-lumber-middlemen-02:syn-co-000005
syn-q-lumber-middlemen-02	syn-co-000006	2	controlled_constraints	syn-q-lumber-middlemen-02:syn-co-000006
syn-q-lumber-middlemen-02	syn-co-000007	2	controlled_constraints	syn-q-lumber-middlemen-02:syn-co-000007
syn-q-lumber-middlemen-02	syn-co-000008	2	controlled_constraints	syn-q-lumber-middlemen-02:syn-co-000008
syn-q-lumber-middlemen-02	syn-co-000009	0	controlled_constraints	syn-q-lumber-middlemen-02:syn-co-000009
syn-q-lumber-middlemen-02	syn-co-000010	0	controlled_constraints	syn-q-lumber-middlemen-02:syn-co-000010
syn-q-lumber-middlemen-02	syn-co-000011	0	controlled_constraints	syn-q-lumber-middlemen-02:syn-co-000011
syn-q-lumber-middlemen-02	syn-co-000012	0	controlled_constraints	syn-q-lumber-middlemen-02:syn-co-000012
syn-q-lumber-middlemen-02	syn-co-000013	0	controlled_constraints	syn-q-lumber-middlemen-02:syn-co-000013
syn-q-lumber-middlemen-02	syn-co-000014	0	controlled_constraints	syn-q-lumber-middlemen-02:syn-co-000014
syn-q-lumber-middlemen-02	syn-co-000015	0	controlled_constraints	syn-q-lumber-middlemen-02:syn-co-000015
syn-q-lumber-middlemen-02	syn-co-000016	0	controlled_constraints	syn-q-lumber-middlemen-02:syn-co-000016
syn-q-lumber-middlemen-03	syn-co-000001	2	controlled_constraints	syn-q-lumber-middlemen-03:syn-co-000001
syn-q-lumber-middlemen-03	syn-co-000002	2	controlled_constraints	syn-q-lumber-middlemen-03:syn-co-000002
syn-q-lumber-middlemen-03	syn-co-000003	2	controlled_constraints	syn-q-lumber-middlemen-03:syn-co-000003
syn-q-lumber-middlemen-03	syn-co-000004	2	controlled_constraints	syn-q-lumber-middlemen-03:syn-co-000004
syn-q-lumber-middlemen-03	syn-co-000005	2	controlled_constraints	syn-q-lumber-middlemen-03:syn-co-000005
syn-q-lumber-middlemen-03	syn-co-000006	2	controlled_constraints	syn-q-lumber-middlemen-03:syn-co-000006
syn-q-lumber-middlemen-03	syn-co-000007	2	controlled_constraints	syn-q-lumber-middlemen-03:syn-co-000007
syn-q-lumber-middlemen-03	syn-co-000008	2	controlled_constraints	syn-q-lumber-middlemen-03:syn-co-000008
syn-q-lumber-middlemen-03	syn-co-000009	0	controlled_constraints	syn-q-lumber-middlemen-03:syn-co-000009
syn-q-lumber-middlemen-03	syn-co-000010	0	controlled_constraints	syn-q-lumber-middlemen-03:syn-co-000010
syn-q-lumber-middlemen-03	syn-co-000011	0	controlled_constraints	syn-q-lumber-middlemen-03:syn-co-000011
syn-q-lumber-middlemen-03	syn-co-000012	0	controlled_constraints	syn-q-lumber-middlemen-03:syn-co-000012
syn-q-lumber-middlemen-03	syn-co-000013	0	controlled_constraints	syn-q-lumber-middlemen-03:syn-co-000013
syn-q-lumber-middlemen-03	syn-co-000014	0	controlled_constraints	syn-q-lumber-middlemen-03:syn-co-000014
syn-q-lumber-middlemen-03	syn-co-000015	0	controlled_constraints	syn-q-lumber-middlemen-03:syn-co-000015
syn-q-lumber-middlemen-03	syn-co-000016	0	controlled_constraints	syn-q-lumber-middlemen-03:syn-co-000016
syn-q-lumber-middlemen-04	syn-co-000001	2	controlled_constraints	syn-q-lumber-middlemen-04:syn-co-000001
syn-q-lumber-middlemen-04	syn-co-000002	2	controlled_constraints	syn-q-lumber-middlemen-04:syn-co-000002
syn-q-lumber-middlemen-04	syn-co-000003	2	controlled_constraints	syn-q-lumber-middlemen-04:syn-co-000003
syn-q-lumber-middlemen-04	syn-co-000004	2	controlled_constraints	syn-q-lumber-middlemen-04:syn-co-000004
syn-q-lumber-middlemen-04	syn-co-000005	2	controlled_constraints	syn-q-lumber-middlemen-04:syn-co-000005
syn-q-lumber-middlemen-04	syn-co-000006	2	controlled_constraints	syn-q-lumber-middlemen-04:syn-co-000006
syn-q-lumber-middlemen-04	syn-co-000007	2	controlled_constraints	syn-q-lumber-middlemen-04:syn-co-000007
syn-q-lumber-middlemen-04	syn-co-000008	2	controlled_constraints	syn-q-lumber-middlemen-04:syn-co-000008
syn-q-lumber-middlemen-04	syn-co-000009	0	controlled_constraints	syn-q-lumber-middlemen-04:syn-co-000009
syn-q-lumber-middlemen-04	syn-co-000010	0	controlled_constraints	syn-q-lumber-middlemen-04:syn-co-000010
syn-q-lumber-middlemen-04	syn-co-000011	0	controlled_constraints	syn-q-lumber-middlemen-04:syn-co-000011
syn-q-lumber-middlemen-04	syn-co-000012	0	controlled_constraints	syn-q-lumber-middlemen-04:syn-co-000012
syn-q-lumber-middlemen-04	syn-co-000013	0	controlled_constraints	syn-q-lumber-middlemen-04:syn-co-000013
syn-q-lumber-middlemen-04	syn-co-000014	0	controlled_constraints	syn-q-lumber-middlemen-04:syn-co-000014
syn-q-lumber-middlemen-04	syn-co-000015	0	controlled_constraints	syn-q-lumber-middlemen-04:syn-co-000015
syn-q-lumber-middlemen-04	syn-co-000016	0	controlled_constraints	syn-q-lumber-middlemen-04:syn-co-000016
syn-q-lumber-middlemen-05	syn-co-000001	2	controlled_constraints	syn-q-lumber-middlemen-05:syn-co-000001
syn-q-lumber-middlemen-05	syn-co-000002	2	controlled_constraints	syn-q-lumber-middlemen-05:syn-co-000002
syn-q-lumber-middlemen-05	syn-co-000003	2	controlled_constraints	syn-q-lumber-middlemen-05:syn-co-000003
syn-q-lumber-middlemen-05	syn-co-000004	2	controlled_constraints	syn-q-lumber-middlemen-05:syn-co-000004
syn-q-lumber-middlemen-05	syn-co-000005	2	controlled_constraints	syn-q-lumber-middlemen-05:syn-co-000005
syn-q-lumber-middlemen-05	syn-co-000006	2	controlled_constraints	syn-q-lumber-middlemen-05:syn-co-000006
syn-q-lumber-middlemen-05	syn-co-000007	2	controlled_constraints	syn-q-lumber-middlemen-05:syn-co-000007
syn-q-lumber-middlemen-05	syn-co-000008	2	controlled_constraints	syn-q-lumber-middlemen-05:syn-co-000008
syn-q-lumber-middlemen-05	syn-co-000009	0	controlled_constraints	syn-q-lumber-middlemen-05:syn-co-000009
syn-q-lumber-middlemen-05	syn-co-000010	0	controlled_constraints	syn-q-lumber-middlemen-05:syn-co-000010
syn-q-lumber-middlemen-05	syn-co-000011	0	controlled_constraints	syn-q-lumber-middlemen-05:syn-co-000011
syn-q-lumber-middlemen-05	syn-co-000012	0	controlled_constraints	syn-q-lumber-middlemen-05:syn-co-000012
syn-q-lumber-middlemen-05	syn-co-000013	0	controlled_constraints	syn-q-lumber-middlemen-05:syn-co-000013
syn-q-lumber-middlemen-05	syn-co-000014	0	controlled_constraints	syn-q-lumber-middlemen-05:syn-co-000014
syn-q-lumber-middlemen-05	syn-co-000015	0	controlled_constraints	syn-q-lumber-middlemen-05:syn-co-000015
syn-q-lumber-middlemen-05	syn-co-000016	0	controlled_constraints	syn-q-lumber-middlemen-05:syn-co-000016
syn-q-lumber-middlemen-06	syn-co-000001	2	controlled_constraints	syn-q-lumber-middlemen-06:syn-co-000001
syn-q-lumber-middlemen-06	syn-co-000002	2	controlled_constraints	syn-q-lumber-middlemen-06:syn-co-000002
syn-q-lumber-middlemen-06	syn-co-000003	2	controlled_constraints	syn-q-lumber-middlemen-06:syn-co-000003
syn-q-lumber-middlemen-06	syn-co-000004	2	controlled_constraints	syn-q-lumber-middlemen-06:syn-co-000004
syn-q-lumber-middlemen-06	syn-co-000005	2	controlled_constraints	syn-q-lumber-middlemen-06:syn-co-000005
syn-q-lumber-middlemen-06	syn-co-000006	2	controlled_constraints	syn-q-lumber-middlemen-06:syn-co-000006
syn-q-lumber-middlemen-06	syn-co-000007	2	controlled_constraints	syn-q-lumber-middlemen-06:syn-co-000007
syn-q-lumber-middlemen-06	syn-co-000008	2	controlled_constraints	syn-q-lumber-middlemen-06:syn-co-000008
syn-q-lumber-middlemen-06	syn-co-000009	0	controlled_constraints	syn-q-lumber-middlemen-06:syn-co-000009
syn-q-lumber-middlemen-06	syn-co-000010	0	controlled_constraints	syn-q-lumber-middlemen-06:syn-co-000010
syn-q-lumber-middlemen-06	syn-co-000011	0	controlled_constraints	syn-q-lumber-middlemen-06:syn-co-000011
syn-q-lumber-middlemen-06	syn-co-000012	0	controlled_constraints	syn-q-lumber-middlemen-06:syn-co-000012
syn-q-lumber-middlemen-06	syn-co-000013	0	controlled_constraints	syn-q-lumber-middlemen-06:syn-co-000013
syn-q-lumber-middlemen-06	syn-co-000014	0	controlled_constraints	syn-q-lumber-middlemen-06:syn-co-000014
syn-q-lumber-middlemen-06	syn-co-000015	0	controlled_constraints	syn-q-lumber-middlemen-06:syn-co-000015
syn-q-lumber-middlemen-06	syn-co-000016	0	controlled_constraints	syn-q-lumber-middlemen-06:syn-co-000016
syn-q-lumber-middlemen-07	syn-co-000001	2	controlled_constraints	syn-q-lumber-middlemen-07:syn-co-000001
syn-q-lumber-middlemen-07	syn-co-000002	2	controlled_constraints	syn-q-lumber-middlemen-07:syn-co-000002
syn-q-lumber-middlemen-07	syn-co-000003	2	controlled_constraints	syn-q-lumber-middlemen-07:syn-co-000003
syn-q-lumber-middlemen-07	syn-co-000004	2	controlled_constraints	syn-q-lumber-middlemen-07:syn-co-000004
syn-q-lumber-middlemen-07	syn-co-000005	2	controlled_constraints	syn-q-lumber-middlemen-07:syn-co-000005
syn-q-lumber-middlemen-07	syn-co-000006	2	controlled_constraints	syn-q-lumber-middlemen-07:syn-co-000006
syn-q-lumber-middlemen-07	syn-co-000007	2	controlled_constraints	syn-q-lumber-middlemen-07:syn-co-000007
syn-q-lumber-middlemen-07	syn-co-000008	2	controlled_constraints	syn-q-lumber-middlemen-07:syn-co-000008
syn-q-lumber-middlemen-07	syn-co-000009	0	controlled_constraints	syn-q-lumber-middlemen-07:syn-co-000009
syn-q-lumber-middlemen-07	syn-co-000010	0	controlled_constraints	syn-q-lumber-middlemen-07:syn-co-000010
syn-q-lumber-middlemen-07	syn-co-000011	0	controlled_constraints	syn-q-lumber-middlemen-07:syn-co-000011
syn-q-lumber-middlemen-07	syn-co-000012	0	controlled_constraints	syn-q-lumber-middlemen-07:syn-co-000012
syn-q-lumber-middlemen-07	syn-co-000013	0	controlled_constraints	syn-q-lumber-middlemen-07:syn-co-000013
syn-q-lumber-middlemen-07	syn-co-000014	0	controlled_constraints	syn-q-lumber-middlemen-07:syn-co-000014
syn-q-lumber-middlemen-07	syn-co-000015	0	controlled_constraints	syn-q-lumber-middlemen-07:syn-co-000015
syn-q-lumber-middlemen-07	syn-co-000016	0	controlled_constraints	syn-q-lumber-middlemen-07:syn-co-000016
syn-q-lumber-middlemen-08	syn-co-000001	2	controlled_constraints	syn-q-lumber-middlemen-08:syn-co-000001
syn-q-lumber-middlemen-08	syn-co-000002	2	controlled_constraints	syn-q-lumber-middlemen-08:syn-co-000002
syn-q-lumber-middlemen-08	syn-co-000003	2	controlled_constraints	syn-q-lumber-middlemen-08:syn-co-000003
syn-q-lumber-middlemen-08	syn-co-000004	2	controlled_constraints	syn-q-lumber-middlemen-08:syn-co-000004
syn-q-lumber-middlemen-08	syn-co-000005	2	controlled_constraints	syn-q-lumber-middlemen-08:syn-co-000005
syn-q-lumber-middlemen-08	syn-co-000006	2	controlled_constraints	syn-q-lumber-middlemen-08:syn-co-000006
syn-q-lumber-middlemen-08	syn-co-000007	2	controlled_constraints	syn-q-lumber-middlemen-08:syn-co-000007
syn-q-lumber-middlemen-08	syn-co-000008	2	controlled_constraints	syn-q-lumber-middlemen-08:syn-co-000008
syn-q-lumber-middlemen-08	syn-co-000009	0	controlled_constraints	syn-q-lumber-middlemen-08:syn-co-000009
syn-q-lumber-middlemen-08	syn-co-000010	0	controlled_constraints	syn-q-lumber-middlemen-08:syn-co-000010
syn-q-lumber-middlemen-08	syn-co-000011	0	controlled_constraints	syn-q-lumber-middlemen-08:syn-co-000011
syn-q-lumber-middlemen-08	syn-co-000012	0	controlled_constraints	syn-q-lumber-middlemen-08:syn-co-000012
syn-q-lumber-middlemen-08	syn-co-000013	0	controlled_constraints	syn-q-lumber-middlemen-08:syn-co-000013
syn-q-lumber-middlemen-08	syn-co-000014	0	controlled_constraints	syn-q-lumber-middlemen-08:syn-co-000014
syn-q-lumber-middlemen-08	syn-co-000015	0	controlled_constraints	syn-q-lumber-middlemen-08:syn-co-000015
syn-q-lumber-middlemen-08	syn-co-000016	0	controlled_constraints	syn-q-lumber-middlemen-08:syn-co-000016
syn-q-lumber-middlemen-09	syn-co-000001	2	controlled_constraints	syn-q-lumber-middlemen-09:syn-co-000001
syn-q-lumber-middlemen-09	syn-co-000002	2	controlled_constraints	syn-q-lumber-middlemen-09:syn-co-000002
syn-q-lumber-middlemen-09	syn-co-000003	2	controlled_constraints	syn-q-lumber-middlemen-09:syn-co-000003
syn-q-lumber-middlemen-09	syn-co-000004	2	controlled_constraints	syn-q-lumber-middlemen-09:syn-co-000004
syn-q-lumber-middlemen-09	syn-co-000005	2	controlled_constraints	syn-q-lumber-middlemen-09:syn-co-000005
syn-q-lumber-middlemen-09	syn-co-000006	2	controlled_constraints	syn-q-lumber-middlemen-09:syn-co-000006
syn-q-lumber-middlemen-09	syn-co-000007	2	controlled_constraints	syn-q-lumber-middlemen-09:syn-co-000007
syn-q-lumber-middlemen-09	syn-co-000008	2	controlled_constraints	syn-q-lumber-middlemen-09:syn-co-000008
syn-q-lumber-middlemen-09	syn-co-000009	0	controlled_constraints	syn-q-lumber-middlemen-09:syn-co-000009
syn-q-lumber-middlemen-09	syn-co-000010	0	controlled_constraints	syn-q-lumber-middlemen-09:syn-co-000010
syn-q-lumber-middlemen-09	syn-co-000011	0	controlled_constraints	syn-q-lumber-middlemen-09:syn-co-000011
syn-q-lumber-middlemen-09	syn-co-000012	0	controlled_constraints	syn-q-lumber-middlemen-09:syn-co-000012
syn-q-lumber-middlemen-09	syn-co-000013	0	controlled_constraints	syn-q-lumber-middlemen-09:syn-co-000013
syn-q-lumber-middlemen-09	syn-co-000014	0	controlled_constraints	syn-q-lumber-middlemen-09:syn-co-000014
syn-q-lumber-middlemen-09	syn-co-000015	0	controlled_constraints	syn-q-lumber-middlemen-09:syn-co-000015
syn-q-lumber-middlemen-09	syn-co-000016	0	controlled_constraints	syn-q-lumber-middlemen-09:syn-co-000016
syn-q-lumber-middlemen-10	syn-co-000001	2	controlled_constraints	syn-q-lumber-middlemen-10:syn-co-000001
syn-q-lumber-middlemen-10	syn-co-000002	2	controlled_constraints	syn-q-lumber-middlemen-10:syn-co-000002
syn-q-lumber-middlemen-10	syn-co-000003	2	controlled_constraints	syn-q-lumber-middlemen-10:syn-co-000003
syn-q-lumber-middlemen-10	syn-co-000004	2	controlled_constraints	syn-q-lumber-middlemen-10:syn-co-000004
syn-q-lumber-middlemen-10	syn-co-000005	2	controlled_constraints	syn-q-lumber-middlemen-10:syn-co-000005
syn-q-lumber-middlemen-10	syn-co-000006	2	controlled_constraints	syn-q-lumber-middlemen-10:syn-co-000006
syn-q-lumber-middlemen-10	syn-co-000007	2	controlled_constraints	syn-q-lumber-middlemen-10:syn-co-000007
syn-q-lumber-middlemen-10	syn-co-000008	2	controlled_constraints	syn-q-lumber-middlemen-10:syn-co-000008
syn-q-lumber-middlemen-10	syn-co-000009	0	controlled_constraints	syn-q-lumber-middlemen-10:syn-co-000009
syn-q-lumber-middlemen-10	syn-co-000010	0	controlled_constraints	syn-q-lumber-middlemen-10:syn-co-000010
syn-q-lumber-middlemen-10	syn-co-000011	0	controlled_constraints	syn-q-lumber-middlemen-10:syn-co-000011
syn-q-lumber-middlemen-10	syn-co-000012	0	controlled_constraints	syn-q-lumber-middlemen-10:syn-co-000012
syn-q-lumber-middlemen-10	syn-co-000013	0	controlled_constraints	syn-q-lumber-middlemen-10:syn-co-000013
syn-q-lumber-middlemen-10	syn-co-000014	0	controlled_constraints	syn-q-lumber-middlemen-10:syn-co-000014
syn-q-lumber-middlemen-10	syn-co-000015	0	controlled_constraints	syn-q-lumber-middlemen-10:syn-co-000015
syn-q-lumber-middlemen-10	syn-co-000016	0	controlled_constraints	syn-q-lumber-middlemen-10:syn-co-000016
syn-q-iso-assurance-01	syn-co-000017	2	controlled_constraints	syn-q-iso-assurance-01:syn-co-000017
syn-q-iso-assurance-01	syn-co-000018	2	controlled_constraints	syn-q-iso-assurance-01:syn-co-000018
syn-q-iso-assurance-01	syn-co-000019	2	controlled_constraints	syn-q-iso-assurance-01:syn-co-000019
syn-q-iso-assurance-01	syn-co-000020	2	controlled_constraints	syn-q-iso-assurance-01:syn-co-000020
syn-q-iso-assurance-01	syn-co-000021	2	controlled_constraints	syn-q-iso-assurance-01:syn-co-000021
syn-q-iso-assurance-01	syn-co-000022	2	controlled_constraints	syn-q-iso-assurance-01:syn-co-000022
syn-q-iso-assurance-01	syn-co-000023	2	controlled_constraints	syn-q-iso-assurance-01:syn-co-000023
syn-q-iso-assurance-01	syn-co-000024	2	controlled_constraints	syn-q-iso-assurance-01:syn-co-000024
syn-q-iso-assurance-01	syn-co-000025	0	controlled_constraints	syn-q-iso-assurance-01:syn-co-000025
syn-q-iso-assurance-01	syn-co-000026	0	controlled_constraints	syn-q-iso-assurance-01:syn-co-000026
syn-q-iso-assurance-01	syn-co-000027	0	controlled_constraints	syn-q-iso-assurance-01:syn-co-000027
syn-q-iso-assurance-01	syn-co-000028	0	controlled_constraints	syn-q-iso-assurance-01:syn-co-000028
syn-q-iso-assurance-01	syn-co-000029	0	controlled_constraints	syn-q-iso-assurance-01:syn-co-000029
syn-q-iso-assurance-01	syn-co-000030	0	controlled_constraints	syn-q-iso-assurance-01:syn-co-000030
syn-q-iso-assurance-01	syn-co-000031	0	controlled_constraints	syn-q-iso-assurance-01:syn-co-000031
syn-q-iso-assurance-01	syn-co-000032	0	controlled_constraints	syn-q-iso-assurance-01:syn-co-000032
syn-q-iso-assurance-02	syn-co-000017	2	controlled_constraints	syn-q-iso-assurance-02:syn-co-000017
syn-q-iso-assurance-02	syn-co-000018	2	controlled_constraints	syn-q-iso-assurance-02:syn-co-000018
syn-q-iso-assurance-02	syn-co-000019	2	controlled_constraints	syn-q-iso-assurance-02:syn-co-000019
syn-q-iso-assurance-02	syn-co-000020	2	controlled_constraints	syn-q-iso-assurance-02:syn-co-000020
syn-q-iso-assurance-02	syn-co-000021	2	controlled_constraints	syn-q-iso-assurance-02:syn-co-000021
syn-q-iso-assurance-02	syn-co-000022	2	controlled_constraints	syn-q-iso-assurance-02:syn-co-000022
syn-q-iso-assurance-02	syn-co-000023	2	controlled_constraints	syn-q-iso-assurance-02:syn-co-000023
syn-q-iso-assurance-02	syn-co-000024	2	controlled_constraints	syn-q-iso-assurance-02:syn-co-000024
syn-q-iso-assurance-02	syn-co-000025	0	controlled_constraints	syn-q-iso-assurance-02:syn-co-000025
syn-q-iso-assurance-02	syn-co-000026	0	controlled_constraints	syn-q-iso-assurance-02:syn-co-000026
syn-q-iso-assurance-02	syn-co-000027	0	controlled_constraints	syn-q-iso-assurance-02:syn-co-000027
syn-q-iso-assurance-02	syn-co-000028	0	controlled_constraints	syn-q-iso-assurance-02:syn-co-000028
syn-q-iso-assurance-02	syn-co-000029	0	controlled_constraints	syn-q-iso-assurance-02:syn-co-000029
syn-q-iso-assurance-02	syn-co-000030	0	controlled_constraints	syn-q-iso-assurance-02:syn-co-000030
syn-q-iso-assurance-02	syn-co-000031	0	controlled_constraints	syn-q-iso-assurance-02:syn-co-000031
syn-q-iso-assurance-02	syn-co-000032	0	controlled_constraints	syn-q-iso-assurance-02:syn-co-000032
syn-q-iso-assurance-03	syn-co-000017	2	controlled_constraints	syn-q-iso-assurance-03:syn-co-000017
syn-q-iso-assurance-03	syn-co-000018	2	controlled_constraints	syn-q-iso-assurance-03:syn-co-000018
syn-q-iso-assurance-03	syn-co-000019	2	controlled_constraints	syn-q-iso-assurance-03:syn-co-000019
syn-q-iso-assurance-03	syn-co-000020	2	controlled_constraints	syn-q-iso-assurance-03:syn-co-000020
syn-q-iso-assurance-03	syn-co-000021	2	controlled_constraints	syn-q-iso-assurance-03:syn-co-000021
syn-q-iso-assurance-03	syn-co-000022	2	controlled_constraints	syn-q-iso-assurance-03:syn-co-000022
syn-q-iso-assurance-03	syn-co-000023	2	controlled_constraints	syn-q-iso-assurance-03:syn-co-000023
syn-q-iso-assurance-03	syn-co-000024	2	controlled_constraints	syn-q-iso-assurance-03:syn-co-000024
syn-q-iso-assurance-03	syn-co-000025	0	controlled_constraints	syn-q-iso-assurance-03:syn-co-000025
syn-q-iso-assurance-03	syn-co-000026	0	controlled_constraints	syn-q-iso-assurance-03:syn-co-000026
syn-q-iso-assurance-03	syn-co-000027	0	controlled_constraints	syn-q-iso-assurance-03:syn-co-000027
syn-q-iso-assurance-03	syn-co-000028	0	controlled_constraints	syn-q-iso-assurance-03:syn-co-000028
syn-q-iso-assurance-03	syn-co-000029	0	controlled_constraints	syn-q-iso-assurance-03:syn-co-000029
syn-q-iso-assurance-03	syn-co-000030	0	controlled_constraints	syn-q-iso-assurance-03:syn-co-000030
syn-q-iso-assurance-03	syn-co-000031	0	controlled_constraints	syn-q-iso-assurance-03:syn-co-000031
syn-q-iso-assurance-03	syn-co-000032	0	controlled_constraints	syn-q-iso-assurance-03:syn-co-000032
syn-q-iso-assurance-04	syn-co-000017	2	controlled_constraints	syn-q-iso-assurance-04:syn-co-000017
syn-q-iso-assurance-04	syn-co-000018	2	controlled_constraints	syn-q-iso-assurance-04:syn-co-000018
syn-q-iso-assurance-04	syn-co-000019	2	controlled_constraints	syn-q-iso-assurance-04:syn-co-000019
syn-q-iso-assurance-04	syn-co-000020	2	controlled_constraints	syn-q-iso-assurance-04:syn-co-000020
syn-q-iso-assurance-04	syn-co-000021	2	controlled_constraints	syn-q-iso-assurance-04:syn-co-000021
syn-q-iso-assurance-04	syn-co-000022	2	controlled_constraints	syn-q-iso-assurance-04:syn-co-000022
syn-q-iso-assurance-04	syn-co-000023	2	controlled_constraints	syn-q-iso-assurance-04:syn-co-000023
syn-q-iso-assurance-04	syn-co-000024	2	controlled_constraints	syn-q-iso-assurance-04:syn-co-000024
syn-q-iso-assurance-04	syn-co-000025	0	controlled_constraints	syn-q-iso-assurance-04:syn-co-000025
syn-q-iso-assurance-04	syn-co-000026	0	controlled_constraints	syn-q-iso-assurance-04:syn-co-000026
syn-q-iso-assurance-04	syn-co-000027	0	controlled_constraints	syn-q-iso-assurance-04:syn-co-000027
syn-q-iso-assurance-04	syn-co-000028	0	controlled_constraints	syn-q-iso-assurance-04:syn-co-000028
syn-q-iso-assurance-04	syn-co-000029	0	controlled_constraints	syn-q-iso-assurance-04:syn-co-000029
syn-q-iso-assurance-04	syn-co-000030	0	controlled_constraints	syn-q-iso-assurance-04:syn-co-000030
syn-q-iso-assurance-04	syn-co-000031	0	controlled_constraints	syn-q-iso-assurance-04:syn-co-000031
syn-q-iso-assurance-04	syn-co-000032	0	controlled_constraints	syn-q-iso-assurance-04:syn-co-000032
syn-q-iso-assurance-05	syn-co-000017	2	controlled_constraints	syn-q-iso-assurance-05:syn-co-000017
syn-q-iso-assurance-05	syn-co-000018	2	controlled_constraints	syn-q-iso-assurance-05:syn-co-000018
syn-q-iso-assurance-05	syn-co-000019	2	controlled_constraints	syn-q-iso-assurance-05:syn-co-000019
syn-q-iso-assurance-05	syn-co-000020	2	controlled_constraints	syn-q-iso-assurance-05:syn-co-000020
syn-q-iso-assurance-05	syn-co-000021	2	controlled_constraints	syn-q-iso-assurance-05:syn-co-000021
syn-q-iso-assurance-05	syn-co-000022	2	controlled_constraints	syn-q-iso-assurance-05:syn-co-000022
syn-q-iso-assurance-05	syn-co-000023	2	controlled_constraints	syn-q-iso-assurance-05:syn-co-000023
syn-q-iso-assurance-05	syn-co-000024	2	controlled_constraints	syn-q-iso-assurance-05:syn-co-000024
syn-q-iso-assurance-05	syn-co-000025	0	controlled_constraints	syn-q-iso-assurance-05:syn-co-000025
syn-q-iso-assurance-05	syn-co-000026	0	controlled_constraints	syn-q-iso-assurance-05:syn-co-000026
syn-q-iso-assurance-05	syn-co-000027	0	controlled_constraints	syn-q-iso-assurance-05:syn-co-000027
syn-q-iso-assurance-05	syn-co-000028	0	controlled_constraints	syn-q-iso-assurance-05:syn-co-000028
syn-q-iso-assurance-05	syn-co-000029	0	controlled_constraints	syn-q-iso-assurance-05:syn-co-000029
syn-q-iso-assurance-05	syn-co-000030	0	controlled_constraints	syn-q-iso-assurance-05:syn-co-000030
syn-q-iso-assurance-05	syn-co-000031	0	controlled_constraints	syn-q-iso-assurance-05:syn-co-000031
syn-q-iso-assurance-05	syn-co-000032	0	controlled_constraints	syn-q-iso-assurance-05:syn-co-000032
syn-q-iso-assurance-06	syn-co-000017	2	controlled_constraints	syn-q-iso-assurance-06:syn-co-000017
syn-q-iso-assurance-06	syn-co-000018	2	controlled_constraints	syn-q-iso-assurance-06:syn-co-000018
syn-q-iso-assurance-06	syn-co-000019	2	controlled_constraints	syn-q-iso-assurance-06:syn-co-000019
syn-q-iso-assurance-06	syn-co-000020	2	controlled_constraints	syn-q-iso-assurance-06:syn-co-000020
syn-q-iso-assurance-06	syn-co-000021	2	controlled_constraints	syn-q-iso-assurance-06:syn-co-000021
syn-q-iso-assurance-06	syn-co-000022	2	controlled_constraints	syn-q-iso-assurance-06:syn-co-000022
syn-q-iso-assurance-06	syn-co-000023	2	controlled_constraints	syn-q-iso-assurance-06:syn-co-000023
syn-q-iso-assurance-06	syn-co-000024	2	controlled_constraints	syn-q-iso-assurance-06:syn-co-000024
syn-q-iso-assurance-06	syn-co-000025	0	controlled_constraints	syn-q-iso-assurance-06:syn-co-000025
syn-q-iso-assurance-06	syn-co-000026	0	controlled_constraints	syn-q-iso-assurance-06:syn-co-000026
syn-q-iso-assurance-06	syn-co-000027	0	controlled_constraints	syn-q-iso-assurance-06:syn-co-000027
syn-q-iso-assurance-06	syn-co-000028	0	controlled_constraints	syn-q-iso-assurance-06:syn-co-000028
syn-q-iso-assurance-06	syn-co-000029	0	controlled_constraints	syn-q-iso-assurance-06:syn-co-000029
syn-q-iso-assurance-06	syn-co-000030	0	controlled_constraints	syn-q-iso-assurance-06:syn-co-000030
syn-q-iso-assurance-06	syn-co-000031	0	controlled_constraints	syn-q-iso-assurance-06:syn-co-000031
syn-q-iso-assurance-06	syn-co-000032	0	controlled_constraints	syn-q-iso-assurance-06:syn-co-000032
syn-q-iso-assurance-07	syn-co-000017	2	controlled_constraints	syn-q-iso-assurance-07:syn-co-000017
syn-q-iso-assurance-07	syn-co-000018	2	controlled_constraints	syn-q-iso-assurance-07:syn-co-000018
syn-q-iso-assurance-07	syn-co-000019	2	controlled_constraints	syn-q-iso-assurance-07:syn-co-000019
syn-q-iso-assurance-07	syn-co-000020	2	controlled_constraints	syn-q-iso-assurance-07:syn-co-000020
syn-q-iso-assurance-07	syn-co-000021	2	controlled_constraints	syn-q-iso-assurance-07:syn-co-000021
syn-q-iso-assurance-07	syn-co-000022	2	controlled_constraints	syn-q-iso-assurance-07:syn-co-000022
syn-q-iso-assurance-07	syn-co-000023	2	controlled_constraints	syn-q-iso-assurance-07:syn-co-000023
syn-q-iso-assurance-07	syn-co-000024	2	controlled_constraints	syn-q-iso-assurance-07:syn-co-000024
syn-q-iso-assurance-07	syn-co-000025	0	controlled_constraints	syn-q-iso-assurance-07:syn-co-000025
syn-q-iso-assurance-07	syn-co-000026	0	controlled_constraints	syn-q-iso-assurance-07:syn-co-000026
syn-q-iso-assurance-07	syn-co-000027	0	controlled_constraints	syn-q-iso-assurance-07:syn-co-000027
syn-q-iso-assurance-07	syn-co-000028	0	controlled_constraints	syn-q-iso-assurance-07:syn-co-000028
syn-q-iso-assurance-07	syn-co-000029	0	controlled_constraints	syn-q-iso-assurance-07:syn-co-000029
syn-q-iso-assurance-07	syn-co-000030	0	controlled_constraints	syn-q-iso-assurance-07:syn-co-000030
syn-q-iso-assurance-07	syn-co-000031	0	controlled_constraints	syn-q-iso-assurance-07:syn-co-000031
syn-q-iso-assurance-07	syn-co-000032	0	controlled_constraints	syn-q-iso-assurance-07:syn-co-000032
syn-q-iso-assurance-08	syn-co-000017	2	controlled_constraints	syn-q-iso-assurance-08:syn-co-000017
syn-q-iso-assurance-08	syn-co-000018	2	controlled_constraints	syn-q-iso-assurance-08:syn-co-000018
syn-q-iso-assurance-08	syn-co-000019	2	controlled_constraints	syn-q-iso-assurance-08:syn-co-000019
syn-q-iso-assurance-08	syn-co-000020	2	controlled_constraints	syn-q-iso-assurance-08:syn-co-000020
syn-q-iso-assurance-08	syn-co-000021	2	controlled_constraints	syn-q-iso-assurance-08:syn-co-000021
syn-q-iso-assurance-08	syn-co-000022	2	controlled_constraints	syn-q-iso-assurance-08:syn-co-000022
syn-q-iso-assurance-08	syn-co-000023	2	controlled_constraints	syn-q-iso-assurance-08:syn-co-000023
syn-q-iso-assurance-08	syn-co-000024	2	controlled_constraints	syn-q-iso-assurance-08:syn-co-000024
syn-q-iso-assurance-08	syn-co-000025	0	controlled_constraints	syn-q-iso-assurance-08:syn-co-000025
syn-q-iso-assurance-08	syn-co-000026	0	controlled_constraints	syn-q-iso-assurance-08:syn-co-000026
syn-q-iso-assurance-08	syn-co-000027	0	controlled_constraints	syn-q-iso-assurance-08:syn-co-000027
syn-q-iso-assurance-08	syn-co-000028	0	controlled_constraints	syn-q-iso-assurance-08:syn-co-000028
syn-q-iso-assurance-08	syn-co-000029	0	controlled_constraints	syn-q-iso-assurance-08:syn-co-000029
syn-q-iso-assurance-08	syn-co-000030	0	controlled_constraints	syn-q-iso-assurance-08:syn-co-000030
syn-q-iso-assurance-08	syn-co-000031	0	controlled_constraints	syn-q-iso-assurance-08:syn-co-000031
syn-q-iso-assurance-08	syn-co-000032	0	controlled_constraints	syn-q-iso-assurance-08:syn-co-000032
syn-q-iso-assurance-09	syn-co-000017	2	controlled_constraints	syn-q-iso-assurance-09:syn-co-000017
syn-q-iso-assurance-09	syn-co-000018	2	controlled_constraints	syn-q-iso-assurance-09:syn-co-000018
syn-q-iso-assurance-09	syn-co-000019	2	controlled_constraints	syn-q-iso-assurance-09:syn-co-000019
syn-q-iso-assurance-09	syn-co-000020	2	controlled_constraints	syn-q-iso-assurance-09:syn-co-000020
syn-q-iso-assurance-09	syn-co-000021	2	controlled_constraints	syn-q-iso-assurance-09:syn-co-000021
syn-q-iso-assurance-09	syn-co-000022	2	controlled_constraints	syn-q-iso-assurance-09:syn-co-000022
syn-q-iso-assurance-09	syn-co-000023	2	controlled_constraints	syn-q-iso-assurance-09:syn-co-000023
syn-q-iso-assurance-09	syn-co-000024	2	controlled_constraints	syn-q-iso-assurance-09:syn-co-000024
syn-q-iso-assurance-09	syn-co-000025	0	controlled_constraints	syn-q-iso-assurance-09:syn-co-000025
syn-q-iso-assurance-09	syn-co-000026	0	controlled_constraints	syn-q-iso-assurance-09:syn-co-000026
syn-q-iso-assurance-09	syn-co-000027	0	controlled_constraints	syn-q-iso-assurance-09:syn-co-000027
syn-q-iso-assurance-09	syn-co-000028	0	controlled_constraints	syn-q-iso-assurance-09:syn-co-000028
syn-q-iso-assurance-09	syn-co-000029	0	controlled_constraints	syn-q-iso-assurance-09:syn-co-000029
syn-q-iso-assurance-09	syn-co-000030	0	controlled_constraints	syn-q-iso-assurance-09:syn-co-000030
syn-q-iso-assurance-09	syn-co-000031	0	controlled_constraints	syn-q-iso-assurance-09:syn-co-000031
syn-q-iso-assurance-09	syn-co-000032	0	controlled_constraints	syn-q-iso-assurance-09:syn-co-000032
syn-q-iso-assurance-10	syn-co-000017	2	controlled_constraints	syn-q-iso-assurance-10:syn-co-000017
syn-q-iso-assurance-10	syn-co-000018	2	controlled_constraints	syn-q-iso-assurance-10:syn-co-000018
syn-q-iso-assurance-10	syn-co-000019	2	controlled_constraints	syn-q-iso-assurance-10:syn-co-000019
syn-q-iso-assurance-10	syn-co-000020	2	controlled_constraints	syn-q-iso-assurance-10:syn-co-000020
syn-q-iso-assurance-10	syn-co-000021	2	controlled_constraints	syn-q-iso-assurance-10:syn-co-000021
syn-q-iso-assurance-10	syn-co-000022	2	controlled_constraints	syn-q-iso-assurance-10:syn-co-000022
syn-q-iso-assurance-10	syn-co-000023	2	controlled_constraints	syn-q-iso-assurance-10:syn-co-000023
syn-q-iso-assurance-10	syn-co-000024	2	controlled_constraints	syn-q-iso-assurance-10:syn-co-000024
syn-q-iso-assurance-10	syn-co-000025	0	controlled_constraints	syn-q-iso-assurance-10:syn-co-000025
syn-q-iso-assurance-10	syn-co-000026	0	controlled_constraints	syn-q-iso-assurance-10:syn-co-000026
syn-q-iso-assurance-10	syn-co-000027	0	controlled_constraints	syn-q-iso-assurance-10:syn-co-000027
syn-q-iso-assurance-10	syn-co-000028	0	controlled_constraints	syn-q-iso-assurance-10:syn-co-000028
syn-q-iso-assurance-10	syn-co-000029	0	controlled_constraints	syn-q-iso-assurance-10:syn-co-000029
syn-q-iso-assurance-10	syn-co-000030	0	controlled_constraints	syn-q-iso-assurance-10:syn-co-000030
syn-q-iso-assurance-10	syn-co-000031	0	controlled_constraints	syn-q-iso-assurance-10:syn-co-000031
syn-q-iso-assurance-10	syn-co-000032	0	controlled_constraints	syn-q-iso-assurance-10:syn-co-000032
syn-q-pediatric-dental-01	syn-co-000033	2	controlled_constraints	syn-q-pediatric-dental-01:syn-co-000033
syn-q-pediatric-dental-01	syn-co-000034	2	controlled_constraints	syn-q-pediatric-dental-01:syn-co-000034
syn-q-pediatric-dental-01	syn-co-000035	2	controlled_constraints	syn-q-pediatric-dental-01:syn-co-000035
syn-q-pediatric-dental-01	syn-co-000036	2	controlled_constraints	syn-q-pediatric-dental-01:syn-co-000036
syn-q-pediatric-dental-01	syn-co-000037	2	controlled_constraints	syn-q-pediatric-dental-01:syn-co-000037
syn-q-pediatric-dental-01	syn-co-000038	2	controlled_constraints	syn-q-pediatric-dental-01:syn-co-000038
syn-q-pediatric-dental-01	syn-co-000039	2	controlled_constraints	syn-q-pediatric-dental-01:syn-co-000039
syn-q-pediatric-dental-01	syn-co-000040	2	controlled_constraints	syn-q-pediatric-dental-01:syn-co-000040
syn-q-pediatric-dental-01	syn-co-000041	0	controlled_constraints	syn-q-pediatric-dental-01:syn-co-000041
syn-q-pediatric-dental-01	syn-co-000042	0	controlled_constraints	syn-q-pediatric-dental-01:syn-co-000042
syn-q-pediatric-dental-01	syn-co-000043	0	controlled_constraints	syn-q-pediatric-dental-01:syn-co-000043
syn-q-pediatric-dental-01	syn-co-000044	0	controlled_constraints	syn-q-pediatric-dental-01:syn-co-000044
syn-q-pediatric-dental-01	syn-co-000045	0	controlled_constraints	syn-q-pediatric-dental-01:syn-co-000045
syn-q-pediatric-dental-01	syn-co-000046	0	controlled_constraints	syn-q-pediatric-dental-01:syn-co-000046
syn-q-pediatric-dental-01	syn-co-000047	0	controlled_constraints	syn-q-pediatric-dental-01:syn-co-000047
syn-q-pediatric-dental-01	syn-co-000048	0	controlled_constraints	syn-q-pediatric-dental-01:syn-co-000048
syn-q-pediatric-dental-02	syn-co-000033	2	controlled_constraints	syn-q-pediatric-dental-02:syn-co-000033
syn-q-pediatric-dental-02	syn-co-000034	2	controlled_constraints	syn-q-pediatric-dental-02:syn-co-000034
syn-q-pediatric-dental-02	syn-co-000035	2	controlled_constraints	syn-q-pediatric-dental-02:syn-co-000035
syn-q-pediatric-dental-02	syn-co-000036	2	controlled_constraints	syn-q-pediatric-dental-02:syn-co-000036
syn-q-pediatric-dental-02	syn-co-000037	2	controlled_constraints	syn-q-pediatric-dental-02:syn-co-000037
syn-q-pediatric-dental-02	syn-co-000038	2	controlled_constraints	syn-q-pediatric-dental-02:syn-co-000038
syn-q-pediatric-dental-02	syn-co-000039	2	controlled_constraints	syn-q-pediatric-dental-02:syn-co-000039
syn-q-pediatric-dental-02	syn-co-000040	2	controlled_constraints	syn-q-pediatric-dental-02:syn-co-000040
syn-q-pediatric-dental-02	syn-co-000041	0	controlled_constraints	syn-q-pediatric-dental-02:syn-co-000041
syn-q-pediatric-dental-02	syn-co-000042	0	controlled_constraints	syn-q-pediatric-dental-02:syn-co-000042
syn-q-pediatric-dental-02	syn-co-000043	0	controlled_constraints	syn-q-pediatric-dental-02:syn-co-000043
syn-q-pediatric-dental-02	syn-co-000044	0	controlled_constraints	syn-q-pediatric-dental-02:syn-co-000044
syn-q-pediatric-dental-02	syn-co-000045	0	controlled_constraints	syn-q-pediatric-dental-02:syn-co-000045
syn-q-pediatric-dental-02	syn-co-000046	0	controlled_constraints	syn-q-pediatric-dental-02:syn-co-000046
syn-q-pediatric-dental-02	syn-co-000047	0	controlled_constraints	syn-q-pediatric-dental-02:syn-co-000047
syn-q-pediatric-dental-02	syn-co-000048	0	controlled_constraints	syn-q-pediatric-dental-02:syn-co-000048
syn-q-pediatric-dental-03	syn-co-000033	2	controlled_constraints	syn-q-pediatric-dental-03:syn-co-000033
syn-q-pediatric-dental-03	syn-co-000034	2	controlled_constraints	syn-q-pediatric-dental-03:syn-co-000034
syn-q-pediatric-dental-03	syn-co-000035	2	controlled_constraints	syn-q-pediatric-dental-03:syn-co-000035
syn-q-pediatric-dental-03	syn-co-000036	2	controlled_constraints	syn-q-pediatric-dental-03:syn-co-000036
syn-q-pediatric-dental-03	syn-co-000037	2	controlled_constraints	syn-q-pediatric-dental-03:syn-co-000037
syn-q-pediatric-dental-03	syn-co-000038	2	controlled_constraints	syn-q-pediatric-dental-03:syn-co-000038
syn-q-pediatric-dental-03	syn-co-000039	2	controlled_constraints	syn-q-pediatric-dental-03:syn-co-000039
syn-q-pediatric-dental-03	syn-co-000040	2	controlled_constraints	syn-q-pediatric-dental-03:syn-co-000040
syn-q-pediatric-dental-03	syn-co-000041	0	controlled_constraints	syn-q-pediatric-dental-03:syn-co-000041
syn-q-pediatric-dental-03	syn-co-000042	0	controlled_constraints	syn-q-pediatric-dental-03:syn-co-000042
syn-q-pediatric-dental-03	syn-co-000043	0	controlled_constraints	syn-q-pediatric-dental-03:syn-co-000043
syn-q-pediatric-dental-03	syn-co-000044	0	controlled_constraints	syn-q-pediatric-dental-03:syn-co-000044
syn-q-pediatric-dental-03	syn-co-000045	0	controlled_constraints	syn-q-pediatric-dental-03:syn-co-000045
syn-q-pediatric-dental-03	syn-co-000046	0	controlled_constraints	syn-q-pediatric-dental-03:syn-co-000046
syn-q-pediatric-dental-03	syn-co-000047	0	controlled_constraints	syn-q-pediatric-dental-03:syn-co-000047
syn-q-pediatric-dental-03	syn-co-000048	0	controlled_constraints	syn-q-pediatric-dental-03:syn-co-000048
syn-q-pediatric-dental-04	syn-co-000033	2	controlled_constraints	syn-q-pediatric-dental-04:syn-co-000033
syn-q-pediatric-dental-04	syn-co-000034	2	controlled_constraints	syn-q-pediatric-dental-04:syn-co-000034
syn-q-pediatric-dental-04	syn-co-000035	2	controlled_constraints	syn-q-pediatric-dental-04:syn-co-000035
syn-q-pediatric-dental-04	syn-co-000036	2	controlled_constraints	syn-q-pediatric-dental-04:syn-co-000036
syn-q-pediatric-dental-04	syn-co-000037	2	controlled_constraints	syn-q-pediatric-dental-04:syn-co-000037
syn-q-pediatric-dental-04	syn-co-000038	2	controlled_constraints	syn-q-pediatric-dental-04:syn-co-000038
syn-q-pediatric-dental-04	syn-co-000039	2	controlled_constraints	syn-q-pediatric-dental-04:syn-co-000039
syn-q-pediatric-dental-04	syn-co-000040	2	controlled_constraints	syn-q-pediatric-dental-04:syn-co-000040
syn-q-pediatric-dental-04	syn-co-000041	0	controlled_constraints	syn-q-pediatric-dental-04:syn-co-000041
syn-q-pediatric-dental-04	syn-co-000042	0	controlled_constraints	syn-q-pediatric-dental-04:syn-co-000042
syn-q-pediatric-dental-04	syn-co-000043	0	controlled_constraints	syn-q-pediatric-dental-04:syn-co-000043
syn-q-pediatric-dental-04	syn-co-000044	0	controlled_constraints	syn-q-pediatric-dental-04:syn-co-000044
syn-q-pediatric-dental-04	syn-co-000045	0	controlled_constraints	syn-q-pediatric-dental-04:syn-co-000045
syn-q-pediatric-dental-04	syn-co-000046	0	controlled_constraints	syn-q-pediatric-dental-04:syn-co-000046
syn-q-pediatric-dental-04	syn-co-000047	0	controlled_constraints	syn-q-pediatric-dental-04:syn-co-000047
syn-q-pediatric-dental-04	syn-co-000048	0	controlled_constraints	syn-q-pediatric-dental-04:syn-co-000048
syn-q-pediatric-dental-05	syn-co-000033	2	controlled_constraints	syn-q-pediatric-dental-05:syn-co-000033
syn-q-pediatric-dental-05	syn-co-000034	2	controlled_constraints	syn-q-pediatric-dental-05:syn-co-000034
syn-q-pediatric-dental-05	syn-co-000035	2	controlled_constraints	syn-q-pediatric-dental-05:syn-co-000035
syn-q-pediatric-dental-05	syn-co-000036	2	controlled_constraints	syn-q-pediatric-dental-05:syn-co-000036
syn-q-pediatric-dental-05	syn-co-000037	2	controlled_constraints	syn-q-pediatric-dental-05:syn-co-000037
syn-q-pediatric-dental-05	syn-co-000038	2	controlled_constraints	syn-q-pediatric-dental-05:syn-co-000038
syn-q-pediatric-dental-05	syn-co-000039	2	controlled_constraints	syn-q-pediatric-dental-05:syn-co-000039
syn-q-pediatric-dental-05	syn-co-000040	2	controlled_constraints	syn-q-pediatric-dental-05:syn-co-000040
syn-q-pediatric-dental-05	syn-co-000041	0	controlled_constraints	syn-q-pediatric-dental-05:syn-co-000041
syn-q-pediatric-dental-05	syn-co-000042	0	controlled_constraints	syn-q-pediatric-dental-05:syn-co-000042
syn-q-pediatric-dental-05	syn-co-000043	0	controlled_constraints	syn-q-pediatric-dental-05:syn-co-000043
syn-q-pediatric-dental-05	syn-co-000044	0	controlled_constraints	syn-q-pediatric-dental-05:syn-co-000044
syn-q-pediatric-dental-05	syn-co-000045	0	controlled_constraints	syn-q-pediatric-dental-05:syn-co-000045
syn-q-pediatric-dental-05	syn-co-000046	0	controlled_constraints	syn-q-pediatric-dental-05:syn-co-000046
syn-q-pediatric-dental-05	syn-co-000047	0	controlled_constraints	syn-q-pediatric-dental-05:syn-co-000047
syn-q-pediatric-dental-05	syn-co-000048	0	controlled_constraints	syn-q-pediatric-dental-05:syn-co-000048
syn-q-pediatric-dental-06	syn-co-000033	2	controlled_constraints	syn-q-pediatric-dental-06:syn-co-000033
syn-q-pediatric-dental-06	syn-co-000034	2	controlled_constraints	syn-q-pediatric-dental-06:syn-co-000034
syn-q-pediatric-dental-06	syn-co-000035	2	controlled_constraints	syn-q-pediatric-dental-06:syn-co-000035
syn-q-pediatric-dental-06	syn-co-000036	2	controlled_constraints	syn-q-pediatric-dental-06:syn-co-000036
syn-q-pediatric-dental-06	syn-co-000037	2	controlled_constraints	syn-q-pediatric-dental-06:syn-co-000037
syn-q-pediatric-dental-06	syn-co-000038	2	controlled_constraints	syn-q-pediatric-dental-06:syn-co-000038
syn-q-pediatric-dental-06	syn-co-000039	2	controlled_constraints	syn-q-pediatric-dental-06:syn-co-000039
syn-q-pediatric-dental-06	syn-co-000040	2	controlled_constraints	syn-q-pediatric-dental-06:syn-co-000040
syn-q-pediatric-dental-06	syn-co-000041	0	controlled_constraints	syn-q-pediatric-dental-06:syn-co-000041
syn-q-pediatric-dental-06	syn-co-000042	0	controlled_constraints	syn-q-pediatric-dental-06:syn-co-000042
syn-q-pediatric-dental-06	syn-co-000043	0	controlled_constraints	syn-q-pediatric-dental-06:syn-co-000043
syn-q-pediatric-dental-06	syn-co-000044	0	controlled_constraints	syn-q-pediatric-dental-06:syn-co-000044
syn-q-pediatric-dental-06	syn-co-000045	0	controlled_constraints	syn-q-pediatric-dental-06:syn-co-000045
syn-q-pediatric-dental-06	syn-co-000046	0	controlled_constraints	syn-q-pediatric-dental-06:syn-co-000046
syn-q-pediatric-dental-06	syn-co-000047	0	controlled_constraints	syn-q-pediatric-dental-06:syn-co-000047
syn-q-pediatric-dental-06	syn-co-000048	0	controlled_constraints	syn-q-pediatric-dental-06:syn-co-000048
syn-q-pediatric-dental-07	syn-co-000033	2	controlled_constraints	syn-q-pediatric-dental-07:syn-co-000033
syn-q-pediatric-dental-07	syn-co-000034	2	controlled_constraints	syn-q-pediatric-dental-07:syn-co-000034
syn-q-pediatric-dental-07	syn-co-000035	2	controlled_constraints	syn-q-pediatric-dental-07:syn-co-000035
syn-q-pediatric-dental-07	syn-co-000036	2	controlled_constraints	syn-q-pediatric-dental-07:syn-co-000036
syn-q-pediatric-dental-07	syn-co-000037	2	controlled_constraints	syn-q-pediatric-dental-07:syn-co-000037
syn-q-pediatric-dental-07	syn-co-000038	2	controlled_constraints	syn-q-pediatric-dental-07:syn-co-000038
syn-q-pediatric-dental-07	syn-co-000039	2	controlled_constraints	syn-q-pediatric-dental-07:syn-co-000039
syn-q-pediatric-dental-07	syn-co-000040	2	controlled_constraints	syn-q-pediatric-dental-07:syn-co-000040
syn-q-pediatric-dental-07	syn-co-000041	0	controlled_constraints	syn-q-pediatric-dental-07:syn-co-000041
syn-q-pediatric-dental-07	syn-co-000042	0	controlled_constraints	syn-q-pediatric-dental-07:syn-co-000042
syn-q-pediatric-dental-07	syn-co-000043	0	controlled_constraints	syn-q-pediatric-dental-07:syn-co-000043
syn-q-pediatric-dental-07	syn-co-000044	0	controlled_constraints	syn-q-pediatric-dental-07:syn-co-000044
syn-q-pediatric-dental-07	syn-co-000045	0	controlled_constraints	syn-q-pediatric-dental-07:syn-co-000045
syn-q-pediatric-dental-07	syn-co-000046	0	controlled_constraints	syn-q-pediatric-dental-07:syn-co-000046
syn-q-pediatric-dental-07	syn-co-000047	0	controlled_constraints	syn-q-pediatric-dental-07:syn-co-000047
syn-q-pediatric-dental-07	syn-co-000048	0	controlled_constraints	syn-q-pediatric-dental-07:syn-co-000048
syn-q-pediatric-dental-08	syn-co-000033	2	controlled_constraints	syn-q-pediatric-dental-08:syn-co-000033
syn-q-pediatric-dental-08	syn-co-000034	2	controlled_constraints	syn-q-pediatric-dental-08:syn-co-000034
syn-q-pediatric-dental-08	syn-co-000035	2	controlled_constraints	syn-q-pediatric-dental-08:syn-co-000035
syn-q-pediatric-dental-08	syn-co-000036	2	controlled_constraints	syn-q-pediatric-dental-08:syn-co-000036
syn-q-pediatric-dental-08	syn-co-000037	2	controlled_constraints	syn-q-pediatric-dental-08:syn-co-000037
syn-q-pediatric-dental-08	syn-co-000038	2	controlled_constraints	syn-q-pediatric-dental-08:syn-co-000038
syn-q-pediatric-dental-08	syn-co-000039	2	controlled_constraints	syn-q-pediatric-dental-08:syn-co-000039
syn-q-pediatric-dental-08	syn-co-000040	2	controlled_constraints	syn-q-pediatric-dental-08:syn-co-000040
syn-q-pediatric-dental-08	syn-co-000041	0	controlled_constraints	syn-q-pediatric-dental-08:syn-co-000041
syn-q-pediatric-dental-08	syn-co-000042	0	controlled_constraints	syn-q-pediatric-dental-08:syn-co-000042
syn-q-pediatric-dental-08	syn-co-000043	0	controlled_constraints	syn-q-pediatric-dental-08:syn-co-000043
syn-q-pediatric-dental-08	syn-co-000044	0	controlled_constraints	syn-q-pediatric-dental-08:syn-co-000044
syn-q-pediatric-dental-08	syn-co-000045	0	controlled_constraints	syn-q-pediatric-dental-08:syn-co-000045
syn-q-pediatric-dental-08	syn-co-000046	0	controlled_constraints	syn-q-pediatric-dental-08:syn-co-000046
syn-q-pediatric-dental-08	syn-co-000047	0	controlled_constraints	syn-q-pediatric-dental-08:syn-co-000047
syn-q-pediatric-dental-08	syn-co-000048	0	controlled_constraints	syn-q-pediatric-dental-08:syn-co-000048
syn-q-pediatric-dental-09	syn-co-000033	2	controlled_constraints	syn-q-pediatric-dental-09:syn-co-000033
syn-q-pediatric-dental-09	syn-co-000034	2	controlled_constraints	syn-q-pediatric-dental-09:syn-co-000034
syn-q-pediatric-dental-09	syn-co-000035	2	controlled_constraints	syn-q-pediatric-dental-09:syn-co-000035
syn-q-pediatric-dental-09	syn-co-000036	2	controlled_constraints	syn-q-pediatric-dental-09:syn-co-000036
syn-q-pediatric-dental-09	syn-co-000037	2	controlled_constraints	syn-q-pediatric-dental-09:syn-co-000037
syn-q-pediatric-dental-09	syn-co-000038	2	controlled_constraints	syn-q-pediatric-dental-09:syn-co-000038
syn-q-pediatric-dental-09	syn-co-000039	2	controlled_constraints	syn-q-pediatric-dental-09:syn-co-000039
syn-q-pediatric-dental-09	syn-co-000040	2	controlled_constraints	syn-q-pediatric-dental-09:syn-co-000040
syn-q-pediatric-dental-09	syn-co-000041	0	controlled_constraints	syn-q-pediatric-dental-09:syn-co-000041
syn-q-pediatric-dental-09	syn-co-000042	0	controlled_constraints	syn-q-pediatric-dental-09:syn-co-000042
syn-q-pediatric-dental-09	syn-co-000043	0	controlled_constraints	syn-q-pediatric-dental-09:syn-co-000043
syn-q-pediatric-dental-09	syn-co-000044	0	controlled_constraints	syn-q-pediatric-dental-09:syn-co-000044
syn-q-pediatric-dental-09	syn-co-000045	0	controlled_constraints	syn-q-pediatric-dental-09:syn-co-000045
syn-q-pediatric-dental-09	syn-co-000046	0	controlled_constraints	syn-q-pediatric-dental-09:syn-co-000046
syn-q-pediatric-dental-09	syn-co-000047	0	controlled_constraints	syn-q-pediatric-dental-09:syn-co-000047
syn-q-pediatric-dental-09	syn-co-000048	0	controlled_constraints	syn-q-pediatric-dental-09:syn-co-000048
syn-q-pediatric-dental-10	syn-co-000033	2	controlled_constraints	syn-q-pediatric-dental-10:syn-co-000033
syn-q-pediatric-dental-10	syn-co-000034	2	controlled_constraints	syn-q-pediatric-dental-10:syn-co-000034
syn-q-pediatric-dental-10	syn-co-000035	2	controlled_constraints	syn-q-pediatric-dental-10:syn-co-000035
syn-q-pediatric-dental-10	syn-co-000036	2	controlled_constraints	syn-q-pediatric-dental-10:syn-co-000036
syn-q-pediatric-dental-10	syn-co-000037	2	controlled_constraints	syn-q-pediatric-dental-10:syn-co-000037
syn-q-pediatric-dental-10	syn-co-000038	2	controlled_constraints	syn-q-pediatric-dental-10:syn-co-000038
syn-q-pediatric-dental-10	syn-co-000039	2	controlled_constraints	syn-q-pediatric-dental-10:syn-co-000039
syn-q-pediatric-dental-10	syn-co-000040	2	controlled_constraints	syn-q-pediatric-dental-10:syn-co-000040
syn-q-pediatric-dental-10	syn-co-000041	0	controlled_constraints	syn-q-pediatric-dental-10:syn-co-000041
syn-q-pediatric-dental-10	syn-co-000042	0	controlled_constraints	syn-q-pediatric-dental-10:syn-co-000042
syn-q-pediatric-dental-10	syn-co-000043	0	controlled_constraints	syn-q-pediatric-dental-10:syn-co-000043
syn-q-pediatric-dental-10	syn-co-000044	0	controlled_constraints	syn-q-pediatric-dental-10:syn-co-000044
syn-q-pediatric-dental-10	syn-co-000045	0	controlled_constraints	syn-q-pediatric-dental-10:syn-co-000045
syn-q-pediatric-dental-10	syn-co-000046	0	controlled_constraints	syn-q-pediatric-dental-10:syn-co-000046
syn-q-pediatric-dental-10	syn-co-000047	0	controlled_constraints	syn-q-pediatric-dental-10:syn-co-000047
syn-q-pediatric-dental-10	syn-co-000048	0	controlled_constraints	syn-q-pediatric-dental-10:syn-co-000048
syn-q-healthcare-gpo-01	syn-co-000049	2	controlled_constraints	syn-q-healthcare-gpo-01:syn-co-000049
syn-q-healthcare-gpo-01	syn-co-000050	2	controlled_constraints	syn-q-healthcare-gpo-01:syn-co-000050
syn-q-healthcare-gpo-01	syn-co-000051	2	controlled_constraints	syn-q-healthcare-gpo-01:syn-co-000051
syn-q-healthcare-gpo-01	syn-co-000052	2	controlled_constraints	syn-q-healthcare-gpo-01:syn-co-000052
syn-q-healthcare-gpo-01	syn-co-000053	2	controlled_constraints	syn-q-healthcare-gpo-01:syn-co-000053
syn-q-healthcare-gpo-01	syn-co-000054	2	controlled_constraints	syn-q-healthcare-gpo-01:syn-co-000054
syn-q-healthcare-gpo-01	syn-co-000055	2	controlled_constraints	syn-q-healthcare-gpo-01:syn-co-000055
syn-q-healthcare-gpo-01	syn-co-000056	2	controlled_constraints	syn-q-healthcare-gpo-01:syn-co-000056
syn-q-healthcare-gpo-01	syn-co-000057	0	controlled_constraints	syn-q-healthcare-gpo-01:syn-co-000057
syn-q-healthcare-gpo-01	syn-co-000058	0	controlled_constraints	syn-q-healthcare-gpo-01:syn-co-000058
syn-q-healthcare-gpo-01	syn-co-000059	0	controlled_constraints	syn-q-healthcare-gpo-01:syn-co-000059
syn-q-healthcare-gpo-01	syn-co-000060	0	controlled_constraints	syn-q-healthcare-gpo-01:syn-co-000060
syn-q-healthcare-gpo-01	syn-co-000061	0	controlled_constraints	syn-q-healthcare-gpo-01:syn-co-000061
syn-q-healthcare-gpo-01	syn-co-000062	0	controlled_constraints	syn-q-healthcare-gpo-01:syn-co-000062
syn-q-healthcare-gpo-01	syn-co-000063	0	controlled_constraints	syn-q-healthcare-gpo-01:syn-co-000063
syn-q-healthcare-gpo-01	syn-co-000064	0	controlled_constraints	syn-q-healthcare-gpo-01:syn-co-000064
syn-q-healthcare-gpo-02	syn-co-000049	2	controlled_constraints	syn-q-healthcare-gpo-02:syn-co-000049
syn-q-healthcare-gpo-02	syn-co-000050	2	controlled_constraints	syn-q-healthcare-gpo-02:syn-co-000050
syn-q-healthcare-gpo-02	syn-co-000051	2	controlled_constraints	syn-q-healthcare-gpo-02:syn-co-000051
syn-q-healthcare-gpo-02	syn-co-000052	2	controlled_constraints	syn-q-healthcare-gpo-02:syn-co-000052
syn-q-healthcare-gpo-02	syn-co-000053	2	controlled_constraints	syn-q-healthcare-gpo-02:syn-co-000053
syn-q-healthcare-gpo-02	syn-co-000054	2	controlled_constraints	syn-q-healthcare-gpo-02:syn-co-000054
syn-q-healthcare-gpo-02	syn-co-000055	2	controlled_constraints	syn-q-healthcare-gpo-02:syn-co-000055
syn-q-healthcare-gpo-02	syn-co-000056	2	controlled_constraints	syn-q-healthcare-gpo-02:syn-co-000056
syn-q-healthcare-gpo-02	syn-co-000057	0	controlled_constraints	syn-q-healthcare-gpo-02:syn-co-000057
syn-q-healthcare-gpo-02	syn-co-000058	0	controlled_constraints	syn-q-healthcare-gpo-02:syn-co-000058
syn-q-healthcare-gpo-02	syn-co-000059	0	controlled_constraints	syn-q-healthcare-gpo-02:syn-co-000059
syn-q-healthcare-gpo-02	syn-co-000060	0	controlled_constraints	syn-q-healthcare-gpo-02:syn-co-000060
syn-q-healthcare-gpo-02	syn-co-000061	0	controlled_constraints	syn-q-healthcare-gpo-02:syn-co-000061
syn-q-healthcare-gpo-02	syn-co-000062	0	controlled_constraints	syn-q-healthcare-gpo-02:syn-co-000062
syn-q-healthcare-gpo-02	syn-co-000063	0	controlled_constraints	syn-q-healthcare-gpo-02:syn-co-000063
syn-q-healthcare-gpo-02	syn-co-000064	0	controlled_constraints	syn-q-healthcare-gpo-02:syn-co-000064
syn-q-healthcare-gpo-03	syn-co-000049	2	controlled_constraints	syn-q-healthcare-gpo-03:syn-co-000049
syn-q-healthcare-gpo-03	syn-co-000050	2	controlled_constraints	syn-q-healthcare-gpo-03:syn-co-000050
syn-q-healthcare-gpo-03	syn-co-000051	2	controlled_constraints	syn-q-healthcare-gpo-03:syn-co-000051
syn-q-healthcare-gpo-03	syn-co-000052	2	controlled_constraints	syn-q-healthcare-gpo-03:syn-co-000052
syn-q-healthcare-gpo-03	syn-co-000053	2	controlled_constraints	syn-q-healthcare-gpo-03:syn-co-000053
syn-q-healthcare-gpo-03	syn-co-000054	2	controlled_constraints	syn-q-healthcare-gpo-03:syn-co-000054
syn-q-healthcare-gpo-03	syn-co-000055	2	controlled_constraints	syn-q-healthcare-gpo-03:syn-co-000055
syn-q-healthcare-gpo-03	syn-co-000056	2	controlled_constraints	syn-q-healthcare-gpo-03:syn-co-000056
syn-q-healthcare-gpo-03	syn-co-000057	0	controlled_constraints	syn-q-healthcare-gpo-03:syn-co-000057
syn-q-healthcare-gpo-03	syn-co-000058	0	controlled_constraints	syn-q-healthcare-gpo-03:syn-co-000058
syn-q-healthcare-gpo-03	syn-co-000059	0	controlled_constraints	syn-q-healthcare-gpo-03:syn-co-000059
syn-q-healthcare-gpo-03	syn-co-000060	0	controlled_constraints	syn-q-healthcare-gpo-03:syn-co-000060
syn-q-healthcare-gpo-03	syn-co-000061	0	controlled_constraints	syn-q-healthcare-gpo-03:syn-co-000061
syn-q-healthcare-gpo-03	syn-co-000062	0	controlled_constraints	syn-q-healthcare-gpo-03:syn-co-000062
syn-q-healthcare-gpo-03	syn-co-000063	0	controlled_constraints	syn-q-healthcare-gpo-03:syn-co-000063
syn-q-healthcare-gpo-03	syn-co-000064	0	controlled_constraints	syn-q-healthcare-gpo-03:syn-co-000064
syn-q-healthcare-gpo-04	syn-co-000049	2	controlled_constraints	syn-q-healthcare-gpo-04:syn-co-000049
syn-q-healthcare-gpo-04	syn-co-000050	2	controlled_constraints	syn-q-healthcare-gpo-04:syn-co-000050
syn-q-healthcare-gpo-04	syn-co-000051	2	controlled_constraints	syn-q-healthcare-gpo-04:syn-co-000051
syn-q-healthcare-gpo-04	syn-co-000052	2	controlled_constraints	syn-q-healthcare-gpo-04:syn-co-000052
syn-q-healthcare-gpo-04	syn-co-000053	2	controlled_constraints	syn-q-healthcare-gpo-04:syn-co-000053
syn-q-healthcare-gpo-04	syn-co-000054	2	controlled_constraints	syn-q-healthcare-gpo-04:syn-co-000054
syn-q-healthcare-gpo-04	syn-co-000055	2	controlled_constraints	syn-q-healthcare-gpo-04:syn-co-000055
syn-q-healthcare-gpo-04	syn-co-000056	2	controlled_constraints	syn-q-healthcare-gpo-04:syn-co-000056
syn-q-healthcare-gpo-04	syn-co-000057	0	controlled_constraints	syn-q-healthcare-gpo-04:syn-co-000057
syn-q-healthcare-gpo-04	syn-co-000058	0	controlled_constraints	syn-q-healthcare-gpo-04:syn-co-000058
syn-q-healthcare-gpo-04	syn-co-000059	0	controlled_constraints	syn-q-healthcare-gpo-04:syn-co-000059
syn-q-healthcare-gpo-04	syn-co-000060	0	controlled_constraints	syn-q-healthcare-gpo-04:syn-co-000060
syn-q-healthcare-gpo-04	syn-co-000061	0	controlled_constraints	syn-q-healthcare-gpo-04:syn-co-000061
syn-q-healthcare-gpo-04	syn-co-000062	0	controlled_constraints	syn-q-healthcare-gpo-04:syn-co-000062
syn-q-healthcare-gpo-04	syn-co-000063	0	controlled_constraints	syn-q-healthcare-gpo-04:syn-co-000063
syn-q-healthcare-gpo-04	syn-co-000064	0	controlled_constraints	syn-q-healthcare-gpo-04:syn-co-000064
syn-q-healthcare-gpo-05	syn-co-000049	2	controlled_constraints	syn-q-healthcare-gpo-05:syn-co-000049
syn-q-healthcare-gpo-05	syn-co-000050	2	controlled_constraints	syn-q-healthcare-gpo-05:syn-co-000050
syn-q-healthcare-gpo-05	syn-co-000051	2	controlled_constraints	syn-q-healthcare-gpo-05:syn-co-000051
syn-q-healthcare-gpo-05	syn-co-000052	2	controlled_constraints	syn-q-healthcare-gpo-05:syn-co-000052
syn-q-healthcare-gpo-05	syn-co-000053	2	controlled_constraints	syn-q-healthcare-gpo-05:syn-co-000053
syn-q-healthcare-gpo-05	syn-co-000054	2	controlled_constraints	syn-q-healthcare-gpo-05:syn-co-000054
syn-q-healthcare-gpo-05	syn-co-000055	2	controlled_constraints	syn-q-healthcare-gpo-05:syn-co-000055
syn-q-healthcare-gpo-05	syn-co-000056	2	controlled_constraints	syn-q-healthcare-gpo-05:syn-co-000056
syn-q-healthcare-gpo-05	syn-co-000057	0	controlled_constraints	syn-q-healthcare-gpo-05:syn-co-000057
syn-q-healthcare-gpo-05	syn-co-000058	0	controlled_constraints	syn-q-healthcare-gpo-05:syn-co-000058
syn-q-healthcare-gpo-05	syn-co-000059	0	controlled_constraints	syn-q-healthcare-gpo-05:syn-co-000059
syn-q-healthcare-gpo-05	syn-co-000060	0	controlled_constraints	syn-q-healthcare-gpo-05:syn-co-000060
syn-q-healthcare-gpo-05	syn-co-000061	0	controlled_constraints	syn-q-healthcare-gpo-05:syn-co-000061
syn-q-healthcare-gpo-05	syn-co-000062	0	controlled_constraints	syn-q-healthcare-gpo-05:syn-co-000062
syn-q-healthcare-gpo-05	syn-co-000063	0	controlled_constraints	syn-q-healthcare-gpo-05:syn-co-000063
syn-q-healthcare-gpo-05	syn-co-000064	0	controlled_constraints	syn-q-healthcare-gpo-05:syn-co-000064
syn-q-healthcare-gpo-06	syn-co-000049	2	controlled_constraints	syn-q-healthcare-gpo-06:syn-co-000049
syn-q-healthcare-gpo-06	syn-co-000050	2	controlled_constraints	syn-q-healthcare-gpo-06:syn-co-000050
syn-q-healthcare-gpo-06	syn-co-000051	2	controlled_constraints	syn-q-healthcare-gpo-06:syn-co-000051
syn-q-healthcare-gpo-06	syn-co-000052	2	controlled_constraints	syn-q-healthcare-gpo-06:syn-co-000052
syn-q-healthcare-gpo-06	syn-co-000053	2	controlled_constraints	syn-q-healthcare-gpo-06:syn-co-000053
syn-q-healthcare-gpo-06	syn-co-000054	2	controlled_constraints	syn-q-healthcare-gpo-06:syn-co-000054
syn-q-healthcare-gpo-06	syn-co-000055	2	controlled_constraints	syn-q-healthcare-gpo-06:syn-co-000055
syn-q-healthcare-gpo-06	syn-co-000056	2	controlled_constraints	syn-q-healthcare-gpo-06:syn-co-000056
syn-q-healthcare-gpo-06	syn-co-000057	0	controlled_constraints	syn-q-healthcare-gpo-06:syn-co-000057
syn-q-healthcare-gpo-06	syn-co-000058	0	controlled_constraints	syn-q-healthcare-gpo-06:syn-co-000058
syn-q-healthcare-gpo-06	syn-co-000059	0	controlled_constraints	syn-q-healthcare-gpo-06:syn-co-000059
syn-q-healthcare-gpo-06	syn-co-000060	0	controlled_constraints	syn-q-healthcare-gpo-06:syn-co-000060
syn-q-healthcare-gpo-06	syn-co-000061	0	controlled_constraints	syn-q-healthcare-gpo-06:syn-co-000061
syn-q-healthcare-gpo-06	syn-co-000062	0	controlled_constraints	syn-q-healthcare-gpo-06:syn-co-000062
syn-q-healthcare-gpo-06	syn-co-000063	0	controlled_constraints	syn-q-healthcare-gpo-06:syn-co-000063
syn-q-healthcare-gpo-06	syn-co-000064	0	controlled_constraints	syn-q-healthcare-gpo-06:syn-co-000064
syn-q-healthcare-gpo-07	syn-co-000049	2	controlled_constraints	syn-q-healthcare-gpo-07:syn-co-000049
syn-q-healthcare-gpo-07	syn-co-000050	2	controlled_constraints	syn-q-healthcare-gpo-07:syn-co-000050
syn-q-healthcare-gpo-07	syn-co-000051	2	controlled_constraints	syn-q-healthcare-gpo-07:syn-co-000051
syn-q-healthcare-gpo-07	syn-co-000052	2	controlled_constraints	syn-q-healthcare-gpo-07:syn-co-000052
syn-q-healthcare-gpo-07	syn-co-000053	2	controlled_constraints	syn-q-healthcare-gpo-07:syn-co-000053
syn-q-healthcare-gpo-07	syn-co-000054	2	controlled_constraints	syn-q-healthcare-gpo-07:syn-co-000054
syn-q-healthcare-gpo-07	syn-co-000055	2	controlled_constraints	syn-q-healthcare-gpo-07:syn-co-000055
syn-q-healthcare-gpo-07	syn-co-000056	2	controlled_constraints	syn-q-healthcare-gpo-07:syn-co-000056
syn-q-healthcare-gpo-07	syn-co-000057	0	controlled_constraints	syn-q-healthcare-gpo-07:syn-co-000057
syn-q-healthcare-gpo-07	syn-co-000058	0	controlled_constraints	syn-q-healthcare-gpo-07:syn-co-000058
syn-q-healthcare-gpo-07	syn-co-000059	0	controlled_constraints	syn-q-healthcare-gpo-07:syn-co-000059
syn-q-healthcare-gpo-07	syn-co-000060	0	controlled_constraints	syn-q-healthcare-gpo-07:syn-co-000060
syn-q-healthcare-gpo-07	syn-co-000061	0	controlled_constraints	syn-q-healthcare-gpo-07:syn-co-000061
syn-q-healthcare-gpo-07	syn-co-000062	0	controlled_constraints	syn-q-healthcare-gpo-07:syn-co-000062
syn-q-healthcare-gpo-07	syn-co-000063	0	controlled_constraints	syn-q-healthcare-gpo-07:syn-co-000063
syn-q-healthcare-gpo-07	syn-co-000064	0	controlled_constraints	syn-q-healthcare-gpo-07:syn-co-000064
syn-q-healthcare-gpo-08	syn-co-000049	2	controlled_constraints	syn-q-healthcare-gpo-08:syn-co-000049
syn-q-healthcare-gpo-08	syn-co-000050	2	controlled_constraints	syn-q-healthcare-gpo-08:syn-co-000050
syn-q-healthcare-gpo-08	syn-co-000051	2	controlled_constraints	syn-q-healthcare-gpo-08:syn-co-000051
syn-q-healthcare-gpo-08	syn-co-000052	2	controlled_constraints	syn-q-healthcare-gpo-08:syn-co-000052
syn-q-healthcare-gpo-08	syn-co-000053	2	controlled_constraints	syn-q-healthcare-gpo-08:syn-co-000053
syn-q-healthcare-gpo-08	syn-co-000054	2	controlled_constraints	syn-q-healthcare-gpo-08:syn-co-000054
syn-q-healthcare-gpo-08	syn-co-000055	2	controlled_constraints	syn-q-healthcare-gpo-08:syn-co-000055
syn-q-healthcare-gpo-08	syn-co-000056	2	controlled_constraints	syn-q-healthcare-gpo-08:syn-co-000056
syn-q-healthcare-gpo-08	syn-co-000057	0	controlled_constraints	syn-q-healthcare-gpo-08:syn-co-000057
syn-q-healthcare-gpo-08	syn-co-000058	0	controlled_constraints	syn-q-healthcare-gpo-08:syn-co-000058
syn-q-healthcare-gpo-08	syn-co-000059	0	controlled_constraints	syn-q-healthcare-gpo-08:syn-co-000059
syn-q-healthcare-gpo-08	syn-co-000060	0	controlled_constraints	syn-q-healthcare-gpo-08:syn-co-000060
syn-q-healthcare-gpo-08	syn-co-000061	0	controlled_constraints	syn-q-healthcare-gpo-08:syn-co-000061
syn-q-healthcare-gpo-08	syn-co-000062	0	controlled_constraints	syn-q-healthcare-gpo-08:syn-co-000062
syn-q-healthcare-gpo-08	syn-co-000063	0	controlled_constraints	syn-q-healthcare-gpo-08:syn-co-000063
syn-q-healthcare-gpo-08	syn-co-000064	0	controlled_constraints	syn-q-healthcare-gpo-08:syn-co-000064
syn-q-healthcare-gpo-09	syn-co-000049	2	controlled_constraints	syn-q-healthcare-gpo-09:syn-co-000049
syn-q-healthcare-gpo-09	syn-co-000050	2	controlled_constraints	syn-q-healthcare-gpo-09:syn-co-000050
syn-q-healthcare-gpo-09	syn-co-000051	2	controlled_constraints	syn-q-healthcare-gpo-09:syn-co-000051
syn-q-healthcare-gpo-09	syn-co-000052	2	controlled_constraints	syn-q-healthcare-gpo-09:syn-co-000052
syn-q-healthcare-gpo-09	syn-co-000053	2	controlled_constraints	syn-q-healthcare-gpo-09:syn-co-000053
syn-q-healthcare-gpo-09	syn-co-000054	2	controlled_constraints	syn-q-healthcare-gpo-09:syn-co-000054
syn-q-healthcare-gpo-09	syn-co-000055	2	controlled_constraints	syn-q-healthcare-gpo-09:syn-co-000055
syn-q-healthcare-gpo-09	syn-co-000056	2	controlled_constraints	syn-q-healthcare-gpo-09:syn-co-000056
syn-q-healthcare-gpo-09	syn-co-000057	0	controlled_constraints	syn-q-healthcare-gpo-09:syn-co-000057
syn-q-healthcare-gpo-09	syn-co-000058	0	controlled_constraints	syn-q-healthcare-gpo-09:syn-co-000058
syn-q-healthcare-gpo-09	syn-co-000059	0	controlled_constraints	syn-q-healthcare-gpo-09:syn-co-000059
syn-q-healthcare-gpo-09	syn-co-000060	0	controlled_constraints	syn-q-healthcare-gpo-09:syn-co-000060
syn-q-healthcare-gpo-09	syn-co-000061	0	controlled_constraints	syn-q-healthcare-gpo-09:syn-co-000061
syn-q-healthcare-gpo-09	syn-co-000062	0	controlled_constraints	syn-q-healthcare-gpo-09:syn-co-000062
syn-q-healthcare-gpo-09	syn-co-000063	0	controlled_constraints	syn-q-healthcare-gpo-09:syn-co-000063
syn-q-healthcare-gpo-09	syn-co-000064	0	controlled_constraints	syn-q-healthcare-gpo-09:syn-co-000064
syn-q-healthcare-gpo-10	syn-co-000049	2	controlled_constraints	syn-q-healthcare-gpo-10:syn-co-000049
syn-q-healthcare-gpo-10	syn-co-000050	2	controlled_constraints	syn-q-healthcare-gpo-10:syn-co-000050
syn-q-healthcare-gpo-10	syn-co-000051	2	controlled_constraints	syn-q-healthcare-gpo-10:syn-co-000051
syn-q-healthcare-gpo-10	syn-co-000052	2	controlled_constraints	syn-q-healthcare-gpo-10:syn-co-000052
syn-q-healthcare-gpo-10	syn-co-000053	2	controlled_constraints	syn-q-healthcare-gpo-10:syn-co-000053
syn-q-healthcare-gpo-10	syn-co-000054	2	controlled_constraints	syn-q-healthcare-gpo-10:syn-co-000054
syn-q-healthcare-gpo-10	syn-co-000055	2	controlled_constraints	syn-q-healthcare-gpo-10:syn-co-000055
syn-q-healthcare-gpo-10	syn-co-000056	2	controlled_constraints	syn-q-healthcare-gpo-10:syn-co-000056
syn-q-healthcare-gpo-10	syn-co-000057	0	controlled_constraints	syn-q-healthcare-gpo-10:syn-co-000057
syn-q-healthcare-gpo-10	syn-co-000058	0	controlled_constraints	syn-q-healthcare-gpo-10:syn-co-000058
syn-q-healthcare-gpo-10	syn-co-000059	0	controlled_constraints	syn-q-healthcare-gpo-10:syn-co-000059
syn-q-healthcare-gpo-10	syn-co-000060	0	controlled_constraints	syn-q-healthcare-gpo-10:syn-co-000060
syn-q-healthcare-gpo-10	syn-co-000061	0	controlled_constraints	syn-q-healthcare-gpo-10:syn-co-000061
syn-q-healthcare-gpo-10	syn-co-000062	0	controlled_constraints	syn-q-healthcare-gpo-10:syn-co-000062
syn-q-healthcare-gpo-10	syn-co-000063	0	controlled_constraints	syn-q-healthcare-gpo-10:syn-co-000063
syn-q-healthcare-gpo-10	syn-co-000064	0	controlled_constraints	syn-q-healthcare-gpo-10:syn-co-000064
syn-q-hvac-steel-sheet-01	syn-co-000065	2	controlled_constraints	syn-q-hvac-steel-sheet-01:syn-co-000065
syn-q-hvac-steel-sheet-01	syn-co-000066	2	controlled_constraints	syn-q-hvac-steel-sheet-01:syn-co-000066
syn-q-hvac-steel-sheet-01	syn-co-000067	2	controlled_constraints	syn-q-hvac-steel-sheet-01:syn-co-000067
syn-q-hvac-steel-sheet-01	syn-co-000068	2	controlled_constraints	syn-q-hvac-steel-sheet-01:syn-co-000068
syn-q-hvac-steel-sheet-01	syn-co-000069	2	controlled_constraints	syn-q-hvac-steel-sheet-01:syn-co-000069
syn-q-hvac-steel-sheet-01	syn-co-000070	2	controlled_constraints	syn-q-hvac-steel-sheet-01:syn-co-000070
syn-q-hvac-steel-sheet-01	syn-co-000071	2	controlled_constraints	syn-q-hvac-steel-sheet-01:syn-co-000071
syn-q-hvac-steel-sheet-01	syn-co-000072	2	controlled_constraints	syn-q-hvac-steel-sheet-01:syn-co-000072
syn-q-hvac-steel-sheet-01	syn-co-000073	0	controlled_constraints	syn-q-hvac-steel-sheet-01:syn-co-000073
syn-q-hvac-steel-sheet-01	syn-co-000074	0	controlled_constraints	syn-q-hvac-steel-sheet-01:syn-co-000074
syn-q-hvac-steel-sheet-01	syn-co-000075	0	controlled_constraints	syn-q-hvac-steel-sheet-01:syn-co-000075
syn-q-hvac-steel-sheet-01	syn-co-000076	0	controlled_constraints	syn-q-hvac-steel-sheet-01:syn-co-000076
syn-q-hvac-steel-sheet-01	syn-co-000077	0	controlled_constraints	syn-q-hvac-steel-sheet-01:syn-co-000077
syn-q-hvac-steel-sheet-01	syn-co-000078	0	controlled_constraints	syn-q-hvac-steel-sheet-01:syn-co-000078
syn-q-hvac-steel-sheet-01	syn-co-000079	0	controlled_constraints	syn-q-hvac-steel-sheet-01:syn-co-000079
syn-q-hvac-steel-sheet-01	syn-co-000080	0	controlled_constraints	syn-q-hvac-steel-sheet-01:syn-co-000080
syn-q-hvac-steel-sheet-02	syn-co-000065	2	controlled_constraints	syn-q-hvac-steel-sheet-02:syn-co-000065
syn-q-hvac-steel-sheet-02	syn-co-000066	2	controlled_constraints	syn-q-hvac-steel-sheet-02:syn-co-000066
syn-q-hvac-steel-sheet-02	syn-co-000067	2	controlled_constraints	syn-q-hvac-steel-sheet-02:syn-co-000067
syn-q-hvac-steel-sheet-02	syn-co-000068	2	controlled_constraints	syn-q-hvac-steel-sheet-02:syn-co-000068
syn-q-hvac-steel-sheet-02	syn-co-000069	2	controlled_constraints	syn-q-hvac-steel-sheet-02:syn-co-000069
syn-q-hvac-steel-sheet-02	syn-co-000070	2	controlled_constraints	syn-q-hvac-steel-sheet-02:syn-co-000070
syn-q-hvac-steel-sheet-02	syn-co-000071	2	controlled_constraints	syn-q-hvac-steel-sheet-02:syn-co-000071
syn-q-hvac-steel-sheet-02	syn-co-000072	2	controlled_constraints	syn-q-hvac-steel-sheet-02:syn-co-000072
syn-q-hvac-steel-sheet-02	syn-co-000073	0	controlled_constraints	syn-q-hvac-steel-sheet-02:syn-co-000073
syn-q-hvac-steel-sheet-02	syn-co-000074	0	controlled_constraints	syn-q-hvac-steel-sheet-02:syn-co-000074
syn-q-hvac-steel-sheet-02	syn-co-000075	0	controlled_constraints	syn-q-hvac-steel-sheet-02:syn-co-000075
syn-q-hvac-steel-sheet-02	syn-co-000076	0	controlled_constraints	syn-q-hvac-steel-sheet-02:syn-co-000076
syn-q-hvac-steel-sheet-02	syn-co-000077	0	controlled_constraints	syn-q-hvac-steel-sheet-02:syn-co-000077
syn-q-hvac-steel-sheet-02	syn-co-000078	0	controlled_constraints	syn-q-hvac-steel-sheet-02:syn-co-000078
syn-q-hvac-steel-sheet-02	syn-co-000079	0	controlled_constraints	syn-q-hvac-steel-sheet-02:syn-co-000079
syn-q-hvac-steel-sheet-02	syn-co-000080	0	controlled_constraints	syn-q-hvac-steel-sheet-02:syn-co-000080
syn-q-hvac-steel-sheet-03	syn-co-000065	2	controlled_constraints	syn-q-hvac-steel-sheet-03:syn-co-000065
syn-q-hvac-steel-sheet-03	syn-co-000066	2	controlled_constraints	syn-q-hvac-steel-sheet-03:syn-co-000066
syn-q-hvac-steel-sheet-03	syn-co-000067	2	controlled_constraints	syn-q-hvac-steel-sheet-03:syn-co-000067
syn-q-hvac-steel-sheet-03	syn-co-000068	2	controlled_constraints	syn-q-hvac-steel-sheet-03:syn-co-000068
syn-q-hvac-steel-sheet-03	syn-co-000069	2	controlled_constraints	syn-q-hvac-steel-sheet-03:syn-co-000069
syn-q-hvac-steel-sheet-03	syn-co-000070	2	controlled_constraints	syn-q-hvac-steel-sheet-03:syn-co-000070
syn-q-hvac-steel-sheet-03	syn-co-000071	2	controlled_constraints	syn-q-hvac-steel-sheet-03:syn-co-000071
syn-q-hvac-steel-sheet-03	syn-co-000072	2	controlled_constraints	syn-q-hvac-steel-sheet-03:syn-co-000072
syn-q-hvac-steel-sheet-03	syn-co-000073	0	controlled_constraints	syn-q-hvac-steel-sheet-03:syn-co-000073
syn-q-hvac-steel-sheet-03	syn-co-000074	0	controlled_constraints	syn-q-hvac-steel-sheet-03:syn-co-000074
syn-q-hvac-steel-sheet-03	syn-co-000075	0	controlled_constraints	syn-q-hvac-steel-sheet-03:syn-co-000075
syn-q-hvac-steel-sheet-03	syn-co-000076	0	controlled_constraints	syn-q-hvac-steel-sheet-03:syn-co-000076
syn-q-hvac-steel-sheet-03	syn-co-000077	0	controlled_constraints	syn-q-hvac-steel-sheet-03:syn-co-000077
syn-q-hvac-steel-sheet-03	syn-co-000078	0	controlled_constraints	syn-q-hvac-steel-sheet-03:syn-co-000078
syn-q-hvac-steel-sheet-03	syn-co-000079	0	controlled_constraints	syn-q-hvac-steel-sheet-03:syn-co-000079
syn-q-hvac-steel-sheet-03	syn-co-000080	0	controlled_constraints	syn-q-hvac-steel-sheet-03:syn-co-000080
syn-q-hvac-steel-sheet-04	syn-co-000065	2	controlled_constraints	syn-q-hvac-steel-sheet-04:syn-co-000065
syn-q-hvac-steel-sheet-04	syn-co-000066	2	controlled_constraints	syn-q-hvac-steel-sheet-04:syn-co-000066
syn-q-hvac-steel-sheet-04	syn-co-000067	2	controlled_constraints	syn-q-hvac-steel-sheet-04:syn-co-000067
syn-q-hvac-steel-sheet-04	syn-co-000068	2	controlled_constraints	syn-q-hvac-steel-sheet-04:syn-co-000068
syn-q-hvac-steel-sheet-04	syn-co-000069	2	controlled_constraints	syn-q-hvac-steel-sheet-04:syn-co-000069
syn-q-hvac-steel-sheet-04	syn-co-000070	2	controlled_constraints	syn-q-hvac-steel-sheet-04:syn-co-000070
syn-q-hvac-steel-sheet-04	syn-co-000071	2	controlled_constraints	syn-q-hvac-steel-sheet-04:syn-co-000071
syn-q-hvac-steel-sheet-04	syn-co-000072	2	controlled_constraints	syn-q-hvac-steel-sheet-04:syn-co-000072
syn-q-hvac-steel-sheet-04	syn-co-000073	0	controlled_constraints	syn-q-hvac-steel-sheet-04:syn-co-000073
syn-q-hvac-steel-sheet-04	syn-co-000074	0	controlled_constraints	syn-q-hvac-steel-sheet-04:syn-co-000074
syn-q-hvac-steel-sheet-04	syn-co-000075	0	controlled_constraints	syn-q-hvac-steel-sheet-04:syn-co-000075
syn-q-hvac-steel-sheet-04	syn-co-000076	0	controlled_constraints	syn-q-hvac-steel-sheet-04:syn-co-000076
syn-q-hvac-steel-sheet-04	syn-co-000077	0	controlled_constraints	syn-q-hvac-steel-sheet-04:syn-co-000077
syn-q-hvac-steel-sheet-04	syn-co-000078	0	controlled_constraints	syn-q-hvac-steel-sheet-04:syn-co-000078
syn-q-hvac-steel-sheet-04	syn-co-000079	0	controlled_constraints	syn-q-hvac-steel-sheet-04:syn-co-000079
syn-q-hvac-steel-sheet-04	syn-co-000080	0	controlled_constraints	syn-q-hvac-steel-sheet-04:syn-co-000080
syn-q-hvac-steel-sheet-05	syn-co-000065	2	controlled_constraints	syn-q-hvac-steel-sheet-05:syn-co-000065
syn-q-hvac-steel-sheet-05	syn-co-000066	2	controlled_constraints	syn-q-hvac-steel-sheet-05:syn-co-000066
syn-q-hvac-steel-sheet-05	syn-co-000067	2	controlled_constraints	syn-q-hvac-steel-sheet-05:syn-co-000067
syn-q-hvac-steel-sheet-05	syn-co-000068	2	controlled_constraints	syn-q-hvac-steel-sheet-05:syn-co-000068
syn-q-hvac-steel-sheet-05	syn-co-000069	2	controlled_constraints	syn-q-hvac-steel-sheet-05:syn-co-000069
syn-q-hvac-steel-sheet-05	syn-co-000070	2	controlled_constraints	syn-q-hvac-steel-sheet-05:syn-co-000070
syn-q-hvac-steel-sheet-05	syn-co-000071	2	controlled_constraints	syn-q-hvac-steel-sheet-05:syn-co-000071
syn-q-hvac-steel-sheet-05	syn-co-000072	2	controlled_constraints	syn-q-hvac-steel-sheet-05:syn-co-000072
syn-q-hvac-steel-sheet-05	syn-co-000073	0	controlled_constraints	syn-q-hvac-steel-sheet-05:syn-co-000073
syn-q-hvac-steel-sheet-05	syn-co-000074	0	controlled_constraints	syn-q-hvac-steel-sheet-05:syn-co-000074
syn-q-hvac-steel-sheet-05	syn-co-000075	0	controlled_constraints	syn-q-hvac-steel-sheet-05:syn-co-000075
syn-q-hvac-steel-sheet-05	syn-co-000076	0	controlled_constraints	syn-q-hvac-steel-sheet-05:syn-co-000076
syn-q-hvac-steel-sheet-05	syn-co-000077	0	controlled_constraints	syn-q-hvac-steel-sheet-05:syn-co-000077
syn-q-hvac-steel-sheet-05	syn-co-000078	0	controlled_constraints	syn-q-hvac-steel-sheet-05:syn-co-000078
syn-q-hvac-steel-sheet-05	syn-co-000079	0	controlled_constraints	syn-q-hvac-steel-sheet-05:syn-co-000079
syn-q-hvac-steel-sheet-05	syn-co-000080	0	controlled_constraints	syn-q-hvac-steel-sheet-05:syn-co-000080
syn-q-hvac-steel-sheet-06	syn-co-000065	2	controlled_constraints	syn-q-hvac-steel-sheet-06:syn-co-000065
syn-q-hvac-steel-sheet-06	syn-co-000066	2	controlled_constraints	syn-q-hvac-steel-sheet-06:syn-co-000066
syn-q-hvac-steel-sheet-06	syn-co-000067	2	controlled_constraints	syn-q-hvac-steel-sheet-06:syn-co-000067
syn-q-hvac-steel-sheet-06	syn-co-000068	2	controlled_constraints	syn-q-hvac-steel-sheet-06:syn-co-000068
syn-q-hvac-steel-sheet-06	syn-co-000069	2	controlled_constraints	syn-q-hvac-steel-sheet-06:syn-co-000069
syn-q-hvac-steel-sheet-06	syn-co-000070	2	controlled_constraints	syn-q-hvac-steel-sheet-06:syn-co-000070
syn-q-hvac-steel-sheet-06	syn-co-000071	2	controlled_constraints	syn-q-hvac-steel-sheet-06:syn-co-000071
syn-q-hvac-steel-sheet-06	syn-co-000072	2	controlled_constraints	syn-q-hvac-steel-sheet-06:syn-co-000072
syn-q-hvac-steel-sheet-06	syn-co-000073	0	controlled_constraints	syn-q-hvac-steel-sheet-06:syn-co-000073
syn-q-hvac-steel-sheet-06	syn-co-000074	0	controlled_constraints	syn-q-hvac-steel-sheet-06:syn-co-000074
syn-q-hvac-steel-sheet-06	syn-co-000075	0	controlled_constraints	syn-q-hvac-steel-sheet-06:syn-co-000075
syn-q-hvac-steel-sheet-06	syn-co-000076	0	controlled_constraints	syn-q-hvac-steel-sheet-06:syn-co-000076
syn-q-hvac-steel-sheet-06	syn-co-000077	0	controlled_constraints	syn-q-hvac-steel-sheet-06:syn-co-000077
syn-q-hvac-steel-sheet-06	syn-co-000078	0	controlled_constraints	syn-q-hvac-steel-sheet-06:syn-co-000078
syn-q-hvac-steel-sheet-06	syn-co-000079	0	controlled_constraints	syn-q-hvac-steel-sheet-06:syn-co-000079
syn-q-hvac-steel-sheet-06	syn-co-000080	0	controlled_constraints	syn-q-hvac-steel-sheet-06:syn-co-000080
syn-q-hvac-steel-sheet-07	syn-co-000065	2	controlled_constraints	syn-q-hvac-steel-sheet-07:syn-co-000065
syn-q-hvac-steel-sheet-07	syn-co-000066	2	controlled_constraints	syn-q-hvac-steel-sheet-07:syn-co-000066
syn-q-hvac-steel-sheet-07	syn-co-000067	2	controlled_constraints	syn-q-hvac-steel-sheet-07:syn-co-000067
syn-q-hvac-steel-sheet-07	syn-co-000068	2	controlled_constraints	syn-q-hvac-steel-sheet-07:syn-co-000068
syn-q-hvac-steel-sheet-07	syn-co-000069	2	controlled_constraints	syn-q-hvac-steel-sheet-07:syn-co-000069
syn-q-hvac-steel-sheet-07	syn-co-000070	2	controlled_constraints	syn-q-hvac-steel-sheet-07:syn-co-000070
syn-q-hvac-steel-sheet-07	syn-co-000071	2	controlled_constraints	syn-q-hvac-steel-sheet-07:syn-co-000071
syn-q-hvac-steel-sheet-07	syn-co-000072	2	controlled_constraints	syn-q-hvac-steel-sheet-07:syn-co-000072
syn-q-hvac-steel-sheet-07	syn-co-000073	0	controlled_constraints	syn-q-hvac-steel-sheet-07:syn-co-000073
syn-q-hvac-steel-sheet-07	syn-co-000074	0	controlled_constraints	syn-q-hvac-steel-sheet-07:syn-co-000074
syn-q-hvac-steel-sheet-07	syn-co-000075	0	controlled_constraints	syn-q-hvac-steel-sheet-07:syn-co-000075
syn-q-hvac-steel-sheet-07	syn-co-000076	0	controlled_constraints	syn-q-hvac-steel-sheet-07:syn-co-000076
syn-q-hvac-steel-sheet-07	syn-co-000077	0	controlled_constraints	syn-q-hvac-steel-sheet-07:syn-co-000077
syn-q-hvac-steel-sheet-07	syn-co-000078	0	controlled_constraints	syn-q-hvac-steel-sheet-07:syn-co-000078
syn-q-hvac-steel-sheet-07	syn-co-000079	0	controlled_constraints	syn-q-hvac-steel-sheet-07:syn-co-000079
syn-q-hvac-steel-sheet-07	syn-co-000080	0	controlled_constraints	syn-q-hvac-steel-sheet-07:syn-co-000080
syn-q-hvac-steel-sheet-08	syn-co-000065	2	controlled_constraints	syn-q-hvac-steel-sheet-08:syn-co-000065
syn-q-hvac-steel-sheet-08	syn-co-000066	2	controlled_constraints	syn-q-hvac-steel-sheet-08:syn-co-000066
syn-q-hvac-steel-sheet-08	syn-co-000067	2	controlled_constraints	syn-q-hvac-steel-sheet-08:syn-co-000067
syn-q-hvac-steel-sheet-08	syn-co-000068	2	controlled_constraints	syn-q-hvac-steel-sheet-08:syn-co-000068
syn-q-hvac-steel-sheet-08	syn-co-000069	2	controlled_constraints	syn-q-hvac-steel-sheet-08:syn-co-000069
syn-q-hvac-steel-sheet-08	syn-co-000070	2	controlled_constraints	syn-q-hvac-steel-sheet-08:syn-co-000070
syn-q-hvac-steel-sheet-08	syn-co-000071	2	controlled_constraints	syn-q-hvac-steel-sheet-08:syn-co-000071
syn-q-hvac-steel-sheet-08	syn-co-000072	2	controlled_constraints	syn-q-hvac-steel-sheet-08:syn-co-000072
syn-q-hvac-steel-sheet-08	syn-co-000073	0	controlled_constraints	syn-q-hvac-steel-sheet-08:syn-co-000073
syn-q-hvac-steel-sheet-08	syn-co-000074	0	controlled_constraints	syn-q-hvac-steel-sheet-08:syn-co-000074
syn-q-hvac-steel-sheet-08	syn-co-000075	0	controlled_constraints	syn-q-hvac-steel-sheet-08:syn-co-000075
syn-q-hvac-steel-sheet-08	syn-co-000076	0	controlled_constraints	syn-q-hvac-steel-sheet-08:syn-co-000076
syn-q-hvac-steel-sheet-08	syn-co-000077	0	controlled_constraints	syn-q-hvac-steel-sheet-08:syn-co-000077
syn-q-hvac-steel-sheet-08	syn-co-000078	0	controlled_constraints	syn-q-hvac-steel-sheet-08:syn-co-000078
syn-q-hvac-steel-sheet-08	syn-co-000079	0	controlled_constraints	syn-q-hvac-steel-sheet-08:syn-co-000079
syn-q-hvac-steel-sheet-08	syn-co-000080	0	controlled_constraints	syn-q-hvac-steel-sheet-08:syn-co-000080
syn-q-hvac-steel-sheet-09	syn-co-000065	2	controlled_constraints	syn-q-hvac-steel-sheet-09:syn-co-000065
syn-q-hvac-steel-sheet-09	syn-co-000066	2	controlled_constraints	syn-q-hvac-steel-sheet-09:syn-co-000066
syn-q-hvac-steel-sheet-09	syn-co-000067	2	controlled_constraints	syn-q-hvac-steel-sheet-09:syn-co-000067
syn-q-hvac-steel-sheet-09	syn-co-000068	2	controlled_constraints	syn-q-hvac-steel-sheet-09:syn-co-000068
syn-q-hvac-steel-sheet-09	syn-co-000069	2	controlled_constraints	syn-q-hvac-steel-sheet-09:syn-co-000069
syn-q-hvac-steel-sheet-09	syn-co-000070	2	controlled_constraints	syn-q-hvac-steel-sheet-09:syn-co-000070
syn-q-hvac-steel-sheet-09	syn-co-000071	2	controlled_constraints	syn-q-hvac-steel-sheet-09:syn-co-000071
syn-q-hvac-steel-sheet-09	syn-co-000072	2	controlled_constraints	syn-q-hvac-steel-sheet-09:syn-co-000072
syn-q-hvac-steel-sheet-09	syn-co-000073	0	controlled_constraints	syn-q-hvac-steel-sheet-09:syn-co-000073
syn-q-hvac-steel-sheet-09	syn-co-000074	0	controlled_constraints	syn-q-hvac-steel-sheet-09:syn-co-000074
syn-q-hvac-steel-sheet-09	syn-co-000075	0	controlled_constraints	syn-q-hvac-steel-sheet-09:syn-co-000075
syn-q-hvac-steel-sheet-09	syn-co-000076	0	controlled_constraints	syn-q-hvac-steel-sheet-09:syn-co-000076
syn-q-hvac-steel-sheet-09	syn-co-000077	0	controlled_constraints	syn-q-hvac-steel-sheet-09:syn-co-000077
syn-q-hvac-steel-sheet-09	syn-co-000078	0	controlled_constraints	syn-q-hvac-steel-sheet-09:syn-co-000078
syn-q-hvac-steel-sheet-09	syn-co-000079	0	controlled_constraints	syn-q-hvac-steel-sheet-09:syn-co-000079
syn-q-hvac-steel-sheet-09	syn-co-000080	0	controlled_constraints	syn-q-hvac-steel-sheet-09:syn-co-000080
syn-q-hvac-steel-sheet-10	syn-co-000065	2	controlled_constraints	syn-q-hvac-steel-sheet-10:syn-co-000065
syn-q-hvac-steel-sheet-10	syn-co-000066	2	controlled_constraints	syn-q-hvac-steel-sheet-10:syn-co-000066
syn-q-hvac-steel-sheet-10	syn-co-000067	2	controlled_constraints	syn-q-hvac-steel-sheet-10:syn-co-000067
syn-q-hvac-steel-sheet-10	syn-co-000068	2	controlled_constraints	syn-q-hvac-steel-sheet-10:syn-co-000068
syn-q-hvac-steel-sheet-10	syn-co-000069	2	controlled_constraints	syn-q-hvac-steel-sheet-10:syn-co-000069
syn-q-hvac-steel-sheet-10	syn-co-000070	2	controlled_constraints	syn-q-hvac-steel-sheet-10:syn-co-000070
syn-q-hvac-steel-sheet-10	syn-co-000071	2	controlled_constraints	syn-q-hvac-steel-sheet-10:syn-co-000071
syn-q-hvac-steel-sheet-10	syn-co-000072	2	controlled_constraints	syn-q-hvac-steel-sheet-10:syn-co-000072
syn-q-hvac-steel-sheet-10	syn-co-000073	0	controlled_constraints	syn-q-hvac-steel-sheet-10:syn-co-000073
syn-q-hvac-steel-sheet-10	syn-co-000074	0	controlled_constraints	syn-q-hvac-steel-sheet-10:syn-co-000074
syn-q-hvac-steel-sheet-10	syn-co-000075	0	controlled_constraints	syn-q-hvac-steel-sheet-10:syn-co-000075
syn-q-hvac-steel-sheet-10	syn-co-000076	0	controlled_constraints	syn-q-hvac-steel-sheet-10:syn-co-000076
syn-q-hvac-steel-sheet-10	syn-co-000077	0	controlled_constraints	syn-q-hvac-steel-sheet-10:syn-co-000077
syn-q-hvac-steel-sheet-10	syn-co-000078	0	controlled_constraints	syn-q-hvac-steel-sheet-10:syn-co-000078
syn-q-hvac-steel-sheet-10	syn-co-000079	0	controlled_constraints	syn-q-hvac-steel-sheet-10:syn-co-000079
syn-q-hvac-steel-sheet-10	syn-co-000080	0	controlled_constraints	syn-q-hvac-steel-sheet-10:syn-co-000080
syn-q-bank-fraud-software-01	syn-co-000081	2	controlled_constraints	syn-q-bank-fraud-software-01:syn-co-000081
syn-q-bank-fraud-software-01	syn-co-000082	2	controlled_constraints	syn-q-bank-fraud-software-01:syn-co-000082
syn-q-bank-fraud-software-01	syn-co-000083	2	controlled_constraints	syn-q-bank-fraud-software-01:syn-co-000083
syn-q-bank-fraud-software-01	syn-co-000084	2	controlled_constraints	syn-q-bank-fraud-software-01:syn-co-000084
syn-q-bank-fraud-software-01	syn-co-000085	2	controlled_constraints	syn-q-bank-fraud-software-01:syn-co-000085
syn-q-bank-fraud-software-01	syn-co-000086	2	controlled_constraints	syn-q-bank-fraud-software-01:syn-co-000086
syn-q-bank-fraud-software-01	syn-co-000087	2	controlled_constraints	syn-q-bank-fraud-software-01:syn-co-000087
syn-q-bank-fraud-software-01	syn-co-000088	2	controlled_constraints	syn-q-bank-fraud-software-01:syn-co-000088
syn-q-bank-fraud-software-01	syn-co-000089	0	controlled_constraints	syn-q-bank-fraud-software-01:syn-co-000089
syn-q-bank-fraud-software-01	syn-co-000090	0	controlled_constraints	syn-q-bank-fraud-software-01:syn-co-000090
syn-q-bank-fraud-software-01	syn-co-000091	0	controlled_constraints	syn-q-bank-fraud-software-01:syn-co-000091
syn-q-bank-fraud-software-01	syn-co-000092	0	controlled_constraints	syn-q-bank-fraud-software-01:syn-co-000092
syn-q-bank-fraud-software-01	syn-co-000093	0	controlled_constraints	syn-q-bank-fraud-software-01:syn-co-000093
syn-q-bank-fraud-software-01	syn-co-000094	0	controlled_constraints	syn-q-bank-fraud-software-01:syn-co-000094
syn-q-bank-fraud-software-01	syn-co-000095	0	controlled_constraints	syn-q-bank-fraud-software-01:syn-co-000095
syn-q-bank-fraud-software-01	syn-co-000096	0	controlled_constraints	syn-q-bank-fraud-software-01:syn-co-000096
syn-q-bank-fraud-software-02	syn-co-000081	2	controlled_constraints	syn-q-bank-fraud-software-02:syn-co-000081
syn-q-bank-fraud-software-02	syn-co-000082	2	controlled_constraints	syn-q-bank-fraud-software-02:syn-co-000082
syn-q-bank-fraud-software-02	syn-co-000083	2	controlled_constraints	syn-q-bank-fraud-software-02:syn-co-000083
syn-q-bank-fraud-software-02	syn-co-000084	2	controlled_constraints	syn-q-bank-fraud-software-02:syn-co-000084
syn-q-bank-fraud-software-02	syn-co-000085	2	controlled_constraints	syn-q-bank-fraud-software-02:syn-co-000085
syn-q-bank-fraud-software-02	syn-co-000086	2	controlled_constraints	syn-q-bank-fraud-software-02:syn-co-000086
syn-q-bank-fraud-software-02	syn-co-000087	2	controlled_constraints	syn-q-bank-fraud-software-02:syn-co-000087
syn-q-bank-fraud-software-02	syn-co-000088	2	controlled_constraints	syn-q-bank-fraud-software-02:syn-co-000088
syn-q-bank-fraud-software-02	syn-co-000089	0	controlled_constraints	syn-q-bank-fraud-software-02:syn-co-000089
syn-q-bank-fraud-software-02	syn-co-000090	0	controlled_constraints	syn-q-bank-fraud-software-02:syn-co-000090
syn-q-bank-fraud-software-02	syn-co-000091	0	controlled_constraints	syn-q-bank-fraud-software-02:syn-co-000091
syn-q-bank-fraud-software-02	syn-co-000092	0	controlled_constraints	syn-q-bank-fraud-software-02:syn-co-000092
syn-q-bank-fraud-software-02	syn-co-000093	0	controlled_constraints	syn-q-bank-fraud-software-02:syn-co-000093
syn-q-bank-fraud-software-02	syn-co-000094	0	controlled_constraints	syn-q-bank-fraud-software-02:syn-co-000094
syn-q-bank-fraud-software-02	syn-co-000095	0	controlled_constraints	syn-q-bank-fraud-software-02:syn-co-000095
syn-q-bank-fraud-software-02	syn-co-000096	0	controlled_constraints	syn-q-bank-fraud-software-02:syn-co-000096
syn-q-bank-fraud-software-03	syn-co-000081	2	controlled_constraints	syn-q-bank-fraud-software-03:syn-co-000081
syn-q-bank-fraud-software-03	syn-co-000082	2	controlled_constraints	syn-q-bank-fraud-software-03:syn-co-000082
syn-q-bank-fraud-software-03	syn-co-000083	2	controlled_constraints	syn-q-bank-fraud-software-03:syn-co-000083
syn-q-bank-fraud-software-03	syn-co-000084	2	controlled_constraints	syn-q-bank-fraud-software-03:syn-co-000084
syn-q-bank-fraud-software-03	syn-co-000085	2	controlled_constraints	syn-q-bank-fraud-software-03:syn-co-000085
syn-q-bank-fraud-software-03	syn-co-000086	2	controlled_constraints	syn-q-bank-fraud-software-03:syn-co-000086
syn-q-bank-fraud-software-03	syn-co-000087	2	controlled_constraints	syn-q-bank-fraud-software-03:syn-co-000087
syn-q-bank-fraud-software-03	syn-co-000088	2	controlled_constraints	syn-q-bank-fraud-software-03:syn-co-000088
syn-q-bank-fraud-software-03	syn-co-000089	0	controlled_constraints	syn-q-bank-fraud-software-03:syn-co-000089
syn-q-bank-fraud-software-03	syn-co-000090	0	controlled_constraints	syn-q-bank-fraud-software-03:syn-co-000090
syn-q-bank-fraud-software-03	syn-co-000091	0	controlled_constraints	syn-q-bank-fraud-software-03:syn-co-000091
syn-q-bank-fraud-software-03	syn-co-000092	0	controlled_constraints	syn-q-bank-fraud-software-03:syn-co-000092
syn-q-bank-fraud-software-03	syn-co-000093	0	controlled_constraints	syn-q-bank-fraud-software-03:syn-co-000093
syn-q-bank-fraud-software-03	syn-co-000094	0	controlled_constraints	syn-q-bank-fraud-software-03:syn-co-000094
syn-q-bank-fraud-software-03	syn-co-000095	0	controlled_constraints	syn-q-bank-fraud-software-03:syn-co-000095
syn-q-bank-fraud-software-03	syn-co-000096	0	controlled_constraints	syn-q-bank-fraud-software-03:syn-co-000096
syn-q-bank-fraud-software-04	syn-co-000081	2	controlled_constraints	syn-q-bank-fraud-software-04:syn-co-000081
syn-q-bank-fraud-software-04	syn-co-000082	2	controlled_constraints	syn-q-bank-fraud-software-04:syn-co-000082
syn-q-bank-fraud-software-04	syn-co-000083	2	controlled_constraints	syn-q-bank-fraud-software-04:syn-co-000083
syn-q-bank-fraud-software-04	syn-co-000084	2	controlled_constraints	syn-q-bank-fraud-software-04:syn-co-000084
syn-q-bank-fraud-software-04	syn-co-000085	2	controlled_constraints	syn-q-bank-fraud-software-04:syn-co-000085
syn-q-bank-fraud-software-04	syn-co-000086	2	controlled_constraints	syn-q-bank-fraud-software-04:syn-co-000086
syn-q-bank-fraud-software-04	syn-co-000087	2	controlled_constraints	syn-q-bank-fraud-software-04:syn-co-000087
syn-q-bank-fraud-software-04	syn-co-000088	2	controlled_constraints	syn-q-bank-fraud-software-04:syn-co-000088
syn-q-bank-fraud-software-04	syn-co-000089	0	controlled_constraints	syn-q-bank-fraud-software-04:syn-co-000089
syn-q-bank-fraud-software-04	syn-co-000090	0	controlled_constraints	syn-q-bank-fraud-software-04:syn-co-000090
syn-q-bank-fraud-software-04	syn-co-000091	0	controlled_constraints	syn-q-bank-fraud-software-04:syn-co-000091
syn-q-bank-fraud-software-04	syn-co-000092	0	controlled_constraints	syn-q-bank-fraud-software-04:syn-co-000092
syn-q-bank-fraud-software-04	syn-co-000093	0	controlled_constraints	syn-q-bank-fraud-software-04:syn-co-000093
syn-q-bank-fraud-software-04	syn-co-000094	0	controlled_constraints	syn-q-bank-fraud-software-04:syn-co-000094
syn-q-bank-fraud-software-04	syn-co-000095	0	controlled_constraints	syn-q-bank-fraud-software-04:syn-co-000095
syn-q-bank-fraud-software-04	syn-co-000096	0	controlled_constraints	syn-q-bank-fraud-software-04:syn-co-000096
syn-q-bank-fraud-software-05	syn-co-000081	2	controlled_constraints	syn-q-bank-fraud-software-05:syn-co-000081
syn-q-bank-fraud-software-05	syn-co-000082	2	controlled_constraints	syn-q-bank-fraud-software-05:syn-co-000082
syn-q-bank-fraud-software-05	syn-co-000083	2	controlled_constraints	syn-q-bank-fraud-software-05:syn-co-000083
syn-q-bank-fraud-software-05	syn-co-000084	2	controlled_constraints	syn-q-bank-fraud-software-05:syn-co-000084
syn-q-bank-fraud-software-05	syn-co-000085	2	controlled_constraints	syn-q-bank-fraud-software-05:syn-co-000085
syn-q-bank-fraud-software-05	syn-co-000086	2	controlled_constraints	syn-q-bank-fraud-software-05:syn-co-000086
syn-q-bank-fraud-software-05	syn-co-000087	2	controlled_constraints	syn-q-bank-fraud-software-05:syn-co-000087
syn-q-bank-fraud-software-05	syn-co-000088	2	controlled_constraints	syn-q-bank-fraud-software-05:syn-co-000088
syn-q-bank-fraud-software-05	syn-co-000089	0	controlled_constraints	syn-q-bank-fraud-software-05:syn-co-000089
syn-q-bank-fraud-software-05	syn-co-000090	0	controlled_constraints	syn-q-bank-fraud-software-05:syn-co-000090
syn-q-bank-fraud-software-05	syn-co-000091	0	controlled_constraints	syn-q-bank-fraud-software-05:syn-co-000091
syn-q-bank-fraud-software-05	syn-co-000092	0	controlled_constraints	syn-q-bank-fraud-software-05:syn-co-000092
syn-q-bank-fraud-software-05	syn-co-000093	0	controlled_constraints	syn-q-bank-fraud-software-05:syn-co-000093
syn-q-bank-fraud-software-05	syn-co-000094	0	controlled_constraints	syn-q-bank-fraud-software-05:syn-co-000094
syn-q-bank-fraud-software-05	syn-co-000095	0	controlled_constraints	syn-q-bank-fraud-software-05:syn-co-000095
syn-q-bank-fraud-software-05	syn-co-000096	0	controlled_constraints	syn-q-bank-fraud-software-05:syn-co-000096
syn-q-bank-fraud-software-06	syn-co-000081	2	controlled_constraints	syn-q-bank-fraud-software-06:syn-co-000081
syn-q-bank-fraud-software-06	syn-co-000082	2	controlled_constraints	syn-q-bank-fraud-software-06:syn-co-000082
syn-q-bank-fraud-software-06	syn-co-000083	2	controlled_constraints	syn-q-bank-fraud-software-06:syn-co-000083
syn-q-bank-fraud-software-06	syn-co-000084	2	controlled_constraints	syn-q-bank-fraud-software-06:syn-co-000084
syn-q-bank-fraud-software-06	syn-co-000085	2	controlled_constraints	syn-q-bank-fraud-software-06:syn-co-000085
syn-q-bank-fraud-software-06	syn-co-000086	2	controlled_constraints	syn-q-bank-fraud-software-06:syn-co-000086
syn-q-bank-fraud-software-06	syn-co-000087	2	controlled_constraints	syn-q-bank-fraud-software-06:syn-co-000087
syn-q-bank-fraud-software-06	syn-co-000088	2	controlled_constraints	syn-q-bank-fraud-software-06:syn-co-000088
syn-q-bank-fraud-software-06	syn-co-000089	0	controlled_constraints	syn-q-bank-fraud-software-06:syn-co-000089
syn-q-bank-fraud-software-06	syn-co-000090	0	controlled_constraints	syn-q-bank-fraud-software-06:syn-co-000090
syn-q-bank-fraud-software-06	syn-co-000091	0	controlled_constraints	syn-q-bank-fraud-software-06:syn-co-000091
syn-q-bank-fraud-software-06	syn-co-000092	0	controlled_constraints	syn-q-bank-fraud-software-06:syn-co-000092
syn-q-bank-fraud-software-06	syn-co-000093	0	controlled_constraints	syn-q-bank-fraud-software-06:syn-co-000093
syn-q-bank-fraud-software-06	syn-co-000094	0	controlled_constraints	syn-q-bank-fraud-software-06:syn-co-000094
syn-q-bank-fraud-software-06	syn-co-000095	0	controlled_constraints	syn-q-bank-fraud-software-06:syn-co-000095
syn-q-bank-fraud-software-06	syn-co-000096	0	controlled_constraints	syn-q-bank-fraud-software-06:syn-co-000096
syn-q-bank-fraud-software-07	syn-co-000081	2	controlled_constraints	syn-q-bank-fraud-software-07:syn-co-000081
syn-q-bank-fraud-software-07	syn-co-000082	2	controlled_constraints	syn-q-bank-fraud-software-07:syn-co-000082
syn-q-bank-fraud-software-07	syn-co-000083	2	controlled_constraints	syn-q-bank-fraud-software-07:syn-co-000083
syn-q-bank-fraud-software-07	syn-co-000084	2	controlled_constraints	syn-q-bank-fraud-software-07:syn-co-000084
syn-q-bank-fraud-software-07	syn-co-000085	2	controlled_constraints	syn-q-bank-fraud-software-07:syn-co-000085
syn-q-bank-fraud-software-07	syn-co-000086	2	controlled_constraints	syn-q-bank-fraud-software-07:syn-co-000086
syn-q-bank-fraud-software-07	syn-co-000087	2	controlled_constraints	syn-q-bank-fraud-software-07:syn-co-000087
syn-q-bank-fraud-software-07	syn-co-000088	2	controlled_constraints	syn-q-bank-fraud-software-07:syn-co-000088
syn-q-bank-fraud-software-07	syn-co-000089	0	controlled_constraints	syn-q-bank-fraud-software-07:syn-co-000089
syn-q-bank-fraud-software-07	syn-co-000090	0	controlled_constraints	syn-q-bank-fraud-software-07:syn-co-000090
syn-q-bank-fraud-software-07	syn-co-000091	0	controlled_constraints	syn-q-bank-fraud-software-07:syn-co-000091
syn-q-bank-fraud-software-07	syn-co-000092	0	controlled_constraints	syn-q-bank-fraud-software-07:syn-co-000092
syn-q-bank-fraud-software-07	syn-co-000093	0	controlled_constraints	syn-q-bank-fraud-software-07:syn-co-000093
syn-q-bank-fraud-software-07	syn-co-000094	0	controlled_constraints	syn-q-bank-fraud-software-07:syn-co-000094
syn-q-bank-fraud-software-07	syn-co-000095	0	controlled_constraints	syn-q-bank-fraud-software-07:syn-co-000095
syn-q-bank-fraud-software-07	syn-co-000096	0	controlled_constraints	syn-q-bank-fraud-software-07:syn-co-000096
syn-q-bank-fraud-software-08	syn-co-000081	2	controlled_constraints	syn-q-bank-fraud-software-08:syn-co-000081
syn-q-bank-fraud-software-08	syn-co-000082	2	controlled_constraints	syn-q-bank-fraud-software-08:syn-co-000082
syn-q-bank-fraud-software-08	syn-co-000083	2	controlled_constraints	syn-q-bank-fraud-software-08:syn-co-000083
syn-q-bank-fraud-software-08	syn-co-000084	2	controlled_constraints	syn-q-bank-fraud-software-08:syn-co-000084
syn-q-bank-fraud-software-08	syn-co-000085	2	controlled_constraints	syn-q-bank-fraud-software-08:syn-co-000085
syn-q-bank-fraud-software-08	syn-co-000086	2	controlled_constraints	syn-q-bank-fraud-software-08:syn-co-000086
syn-q-bank-fraud-software-08	syn-co-000087	2	controlled_constraints	syn-q-bank-fraud-software-08:syn-co-000087
syn-q-bank-fraud-software-08	syn-co-000088	2	controlled_constraints	syn-q-bank-fraud-software-08:syn-co-000088
syn-q-bank-fraud-software-08	syn-co-000089	0	controlled_constraints	syn-q-bank-fraud-software-08:syn-co-000089
syn-q-bank-fraud-software-08	syn-co-000090	0	controlled_constraints	syn-q-bank-fraud-software-08:syn-co-000090
syn-q-bank-fraud-software-08	syn-co-000091	0	controlled_constraints	syn-q-bank-fraud-software-08:syn-co-000091
syn-q-bank-fraud-software-08	syn-co-000092	0	controlled_constraints	syn-q-bank-fraud-software-08:syn-co-000092
syn-q-bank-fraud-software-08	syn-co-000093	0	controlled_constraints	syn-q-bank-fraud-software-08:syn-co-000093
syn-q-bank-fraud-software-08	syn-co-000094	0	controlled_constraints	syn-q-bank-fraud-software-08:syn-co-000094
syn-q-bank-fraud-software-08	syn-co-000095	0	controlled_constraints	syn-q-bank-fraud-software-08:syn-co-000095
syn-q-bank-fraud-software-08	syn-co-000096	0	controlled_constraints	syn-q-bank-fraud-software-08:syn-co-000096
syn-q-bank-fraud-software-09	syn-co-000081	2	controlled_constraints	syn-q-bank-fraud-software-09:syn-co-000081
syn-q-bank-fraud-software-09	syn-co-000082	2	controlled_constraints	syn-q-bank-fraud-software-09:syn-co-000082
syn-q-bank-fraud-software-09	syn-co-000083	2	controlled_constraints	syn-q-bank-fraud-software-09:syn-co-000083
syn-q-bank-fraud-software-09	syn-co-000084	2	controlled_constraints	syn-q-bank-fraud-software-09:syn-co-000084
syn-q-bank-fraud-software-09	syn-co-000085	2	controlled_constraints	syn-q-bank-fraud-software-09:syn-co-000085
syn-q-bank-fraud-software-09	syn-co-000086	2	controlled_constraints	syn-q-bank-fraud-software-09:syn-co-000086
syn-q-bank-fraud-software-09	syn-co-000087	2	controlled_constraints	syn-q-bank-fraud-software-09:syn-co-000087
syn-q-bank-fraud-software-09	syn-co-000088	2	controlled_constraints	syn-q-bank-fraud-software-09:syn-co-000088
syn-q-bank-fraud-software-09	syn-co-000089	0	controlled_constraints	syn-q-bank-fraud-software-09:syn-co-000089
syn-q-bank-fraud-software-09	syn-co-000090	0	controlled_constraints	syn-q-bank-fraud-software-09:syn-co-000090
syn-q-bank-fraud-software-09	syn-co-000091	0	controlled_constraints	syn-q-bank-fraud-software-09:syn-co-000091
syn-q-bank-fraud-software-09	syn-co-000092	0	controlled_constraints	syn-q-bank-fraud-software-09:syn-co-000092
syn-q-bank-fraud-software-09	syn-co-000093	0	controlled_constraints	syn-q-bank-fraud-software-09:syn-co-000093
syn-q-bank-fraud-software-09	syn-co-000094	0	controlled_constraints	syn-q-bank-fraud-software-09:syn-co-000094
syn-q-bank-fraud-software-09	syn-co-000095	0	controlled_constraints	syn-q-bank-fraud-software-09:syn-co-000095
syn-q-bank-fraud-software-09	syn-co-000096	0	controlled_constraints	syn-q-bank-fraud-software-09:syn-co-000096
syn-q-bank-fraud-software-10	syn-co-000081	2	controlled_constraints	syn-q-bank-fraud-software-10:syn-co-000081
syn-q-bank-fraud-software-10	syn-co-000082	2	controlled_constraints	syn-q-bank-fraud-software-10:syn-co-000082
syn-q-bank-fraud-software-10	syn-co-000083	2	controlled_constraints	syn-q-bank-fraud-software-10:syn-co-000083
syn-q-bank-fraud-software-10	syn-co-000084	2	controlled_constraints	syn-q-bank-fraud-software-10:syn-co-000084
syn-q-bank-fraud-software-10	syn-co-000085	2	controlled_constraints	syn-q-bank-fraud-software-10:syn-co-000085
syn-q-bank-fraud-software-10	syn-co-000086	2	controlled_constraints	syn-q-bank-fraud-software-10:syn-co-000086
syn-q-bank-fraud-software-10	syn-co-000087	2	controlled_constraints	syn-q-bank-fraud-software-10:syn-co-000087
syn-q-bank-fraud-software-10	syn-co-000088	2	controlled_constraints	syn-q-bank-fraud-software-10:syn-co-000088
syn-q-bank-fraud-software-10	syn-co-000089	0	controlled_constraints	syn-q-bank-fraud-software-10:syn-co-000089
syn-q-bank-fraud-software-10	syn-co-000090	0	controlled_constraints	syn-q-bank-fraud-software-10:syn-co-000090
syn-q-bank-fraud-software-10	syn-co-000091	0	controlled_constraints	syn-q-bank-fraud-software-10:syn-co-000091
syn-q-bank-fraud-software-10	syn-co-000092	0	controlled_constraints	syn-q-bank-fraud-software-10:syn-co-000092
syn-q-bank-fraud-software-10	syn-co-000093	0	controlled_constraints	syn-q-bank-fraud-software-10:syn-co-000093
syn-q-bank-fraud-software-10	syn-co-000094	0	controlled_constraints	syn-q-bank-fraud-software-10:syn-co-000094
syn-q-bank-fraud-software-10	syn-co-000095	0	controlled_constraints	syn-q-bank-fraud-software-10:syn-co-000095
syn-q-bank-fraud-software-10	syn-co-000096	0	controlled_constraints	syn-q-bank-fraud-software-10:syn-co-000096
syn-q-aerospace-ndt-01	syn-co-000097	2	controlled_constraints	syn-q-aerospace-ndt-01:syn-co-000097
syn-q-aerospace-ndt-01	syn-co-000098	2	controlled_constraints	syn-q-aerospace-ndt-01:syn-co-000098
syn-q-aerospace-ndt-01	syn-co-000099	2	controlled_constraints	syn-q-aerospace-ndt-01:syn-co-000099
syn-q-aerospace-ndt-01	syn-co-000100	2	controlled_constraints	syn-q-aerospace-ndt-01:syn-co-000100
syn-q-aerospace-ndt-01	syn-co-000101	2	controlled_constraints	syn-q-aerospace-ndt-01:syn-co-000101
syn-q-aerospace-ndt-01	syn-co-000102	2	controlled_constraints	syn-q-aerospace-ndt-01:syn-co-000102
syn-q-aerospace-ndt-01	syn-co-000103	2	controlled_constraints	syn-q-aerospace-ndt-01:syn-co-000103
syn-q-aerospace-ndt-01	syn-co-000104	2	controlled_constraints	syn-q-aerospace-ndt-01:syn-co-000104
syn-q-aerospace-ndt-01	syn-co-000105	0	controlled_constraints	syn-q-aerospace-ndt-01:syn-co-000105
syn-q-aerospace-ndt-01	syn-co-000106	0	controlled_constraints	syn-q-aerospace-ndt-01:syn-co-000106
syn-q-aerospace-ndt-01	syn-co-000107	0	controlled_constraints	syn-q-aerospace-ndt-01:syn-co-000107
syn-q-aerospace-ndt-01	syn-co-000108	0	controlled_constraints	syn-q-aerospace-ndt-01:syn-co-000108
syn-q-aerospace-ndt-01	syn-co-000109	0	controlled_constraints	syn-q-aerospace-ndt-01:syn-co-000109
syn-q-aerospace-ndt-01	syn-co-000110	0	controlled_constraints	syn-q-aerospace-ndt-01:syn-co-000110
syn-q-aerospace-ndt-01	syn-co-000111	0	controlled_constraints	syn-q-aerospace-ndt-01:syn-co-000111
syn-q-aerospace-ndt-01	syn-co-000112	0	controlled_constraints	syn-q-aerospace-ndt-01:syn-co-000112
syn-q-aerospace-ndt-02	syn-co-000097	2	controlled_constraints	syn-q-aerospace-ndt-02:syn-co-000097
syn-q-aerospace-ndt-02	syn-co-000098	2	controlled_constraints	syn-q-aerospace-ndt-02:syn-co-000098
syn-q-aerospace-ndt-02	syn-co-000099	2	controlled_constraints	syn-q-aerospace-ndt-02:syn-co-000099
syn-q-aerospace-ndt-02	syn-co-000100	2	controlled_constraints	syn-q-aerospace-ndt-02:syn-co-000100
syn-q-aerospace-ndt-02	syn-co-000101	2	controlled_constraints	syn-q-aerospace-ndt-02:syn-co-000101
syn-q-aerospace-ndt-02	syn-co-000102	2	controlled_constraints	syn-q-aerospace-ndt-02:syn-co-000102
syn-q-aerospace-ndt-02	syn-co-000103	2	controlled_constraints	syn-q-aerospace-ndt-02:syn-co-000103
syn-q-aerospace-ndt-02	syn-co-000104	2	controlled_constraints	syn-q-aerospace-ndt-02:syn-co-000104
syn-q-aerospace-ndt-02	syn-co-000105	0	controlled_constraints	syn-q-aerospace-ndt-02:syn-co-000105
syn-q-aerospace-ndt-02	syn-co-000106	0	controlled_constraints	syn-q-aerospace-ndt-02:syn-co-000106
syn-q-aerospace-ndt-02	syn-co-000107	0	controlled_constraints	syn-q-aerospace-ndt-02:syn-co-000107
syn-q-aerospace-ndt-02	syn-co-000108	0	controlled_constraints	syn-q-aerospace-ndt-02:syn-co-000108
syn-q-aerospace-ndt-02	syn-co-000109	0	controlled_constraints	syn-q-aerospace-ndt-02:syn-co-000109
syn-q-aerospace-ndt-02	syn-co-000110	0	controlled_constraints	syn-q-aerospace-ndt-02:syn-co-000110
syn-q-aerospace-ndt-02	syn-co-000111	0	controlled_constraints	syn-q-aerospace-ndt-02:syn-co-000111
syn-q-aerospace-ndt-02	syn-co-000112	0	controlled_constraints	syn-q-aerospace-ndt-02:syn-co-000112
syn-q-aerospace-ndt-03	syn-co-000097	2	controlled_constraints	syn-q-aerospace-ndt-03:syn-co-000097
syn-q-aerospace-ndt-03	syn-co-000098	2	controlled_constraints	syn-q-aerospace-ndt-03:syn-co-000098
syn-q-aerospace-ndt-03	syn-co-000099	2	controlled_constraints	syn-q-aerospace-ndt-03:syn-co-000099
syn-q-aerospace-ndt-03	syn-co-000100	2	controlled_constraints	syn-q-aerospace-ndt-03:syn-co-000100
syn-q-aerospace-ndt-03	syn-co-000101	2	controlled_constraints	syn-q-aerospace-ndt-03:syn-co-000101
syn-q-aerospace-ndt-03	syn-co-000102	2	controlled_constraints	syn-q-aerospace-ndt-03:syn-co-000102
syn-q-aerospace-ndt-03	syn-co-000103	2	controlled_constraints	syn-q-aerospace-ndt-03:syn-co-000103
syn-q-aerospace-ndt-03	syn-co-000104	2	controlled_constraints	syn-q-aerospace-ndt-03:syn-co-000104
syn-q-aerospace-ndt-03	syn-co-000105	0	controlled_constraints	syn-q-aerospace-ndt-03:syn-co-000105
syn-q-aerospace-ndt-03	syn-co-000106	0	controlled_constraints	syn-q-aerospace-ndt-03:syn-co-000106
syn-q-aerospace-ndt-03	syn-co-000107	0	controlled_constraints	syn-q-aerospace-ndt-03:syn-co-000107
syn-q-aerospace-ndt-03	syn-co-000108	0	controlled_constraints	syn-q-aerospace-ndt-03:syn-co-000108
syn-q-aerospace-ndt-03	syn-co-000109	0	controlled_constraints	syn-q-aerospace-ndt-03:syn-co-000109
syn-q-aerospace-ndt-03	syn-co-000110	0	controlled_constraints	syn-q-aerospace-ndt-03:syn-co-000110
syn-q-aerospace-ndt-03	syn-co-000111	0	controlled_constraints	syn-q-aerospace-ndt-03:syn-co-000111
syn-q-aerospace-ndt-03	syn-co-000112	0	controlled_constraints	syn-q-aerospace-ndt-03:syn-co-000112
syn-q-aerospace-ndt-04	syn-co-000097	2	controlled_constraints	syn-q-aerospace-ndt-04:syn-co-000097
syn-q-aerospace-ndt-04	syn-co-000098	2	controlled_constraints	syn-q-aerospace-ndt-04:syn-co-000098
syn-q-aerospace-ndt-04	syn-co-000099	2	controlled_constraints	syn-q-aerospace-ndt-04:syn-co-000099
syn-q-aerospace-ndt-04	syn-co-000100	2	controlled_constraints	syn-q-aerospace-ndt-04:syn-co-000100
syn-q-aerospace-ndt-04	syn-co-000101	2	controlled_constraints	syn-q-aerospace-ndt-04:syn-co-000101
syn-q-aerospace-ndt-04	syn-co-000102	2	controlled_constraints	syn-q-aerospace-ndt-04:syn-co-000102
syn-q-aerospace-ndt-04	syn-co-000103	2	controlled_constraints	syn-q-aerospace-ndt-04:syn-co-000103
syn-q-aerospace-ndt-04	syn-co-000104	2	controlled_constraints	syn-q-aerospace-ndt-04:syn-co-000104
syn-q-aerospace-ndt-04	syn-co-000105	0	controlled_constraints	syn-q-aerospace-ndt-04:syn-co-000105
syn-q-aerospace-ndt-04	syn-co-000106	0	controlled_constraints	syn-q-aerospace-ndt-04:syn-co-000106
syn-q-aerospace-ndt-04	syn-co-000107	0	controlled_constraints	syn-q-aerospace-ndt-04:syn-co-000107
syn-q-aerospace-ndt-04	syn-co-000108	0	controlled_constraints	syn-q-aerospace-ndt-04:syn-co-000108
syn-q-aerospace-ndt-04	syn-co-000109	0	controlled_constraints	syn-q-aerospace-ndt-04:syn-co-000109
syn-q-aerospace-ndt-04	syn-co-000110	0	controlled_constraints	syn-q-aerospace-ndt-04:syn-co-000110
syn-q-aerospace-ndt-04	syn-co-000111	0	controlled_constraints	syn-q-aerospace-ndt-04:syn-co-000111
syn-q-aerospace-ndt-04	syn-co-000112	0	controlled_constraints	syn-q-aerospace-ndt-04:syn-co-000112
syn-q-aerospace-ndt-05	syn-co-000097	2	controlled_constraints	syn-q-aerospace-ndt-05:syn-co-000097
syn-q-aerospace-ndt-05	syn-co-000098	2	controlled_constraints	syn-q-aerospace-ndt-05:syn-co-000098
syn-q-aerospace-ndt-05	syn-co-000099	2	controlled_constraints	syn-q-aerospace-ndt-05:syn-co-000099
syn-q-aerospace-ndt-05	syn-co-000100	2	controlled_constraints	syn-q-aerospace-ndt-05:syn-co-000100
syn-q-aerospace-ndt-05	syn-co-000101	2	controlled_constraints	syn-q-aerospace-ndt-05:syn-co-000101
syn-q-aerospace-ndt-05	syn-co-000102	2	controlled_constraints	syn-q-aerospace-ndt-05:syn-co-000102
syn-q-aerospace-ndt-05	syn-co-000103	2	controlled_constraints	syn-q-aerospace-ndt-05:syn-co-000103
syn-q-aerospace-ndt-05	syn-co-000104	2	controlled_constraints	syn-q-aerospace-ndt-05:syn-co-000104
syn-q-aerospace-ndt-05	syn-co-000105	0	controlled_constraints	syn-q-aerospace-ndt-05:syn-co-000105
syn-q-aerospace-ndt-05	syn-co-000106	0	controlled_constraints	syn-q-aerospace-ndt-05:syn-co-000106
syn-q-aerospace-ndt-05	syn-co-000107	0	controlled_constraints	syn-q-aerospace-ndt-05:syn-co-000107
syn-q-aerospace-ndt-05	syn-co-000108	0	controlled_constraints	syn-q-aerospace-ndt-05:syn-co-000108
syn-q-aerospace-ndt-05	syn-co-000109	0	controlled_constraints	syn-q-aerospace-ndt-05:syn-co-000109
syn-q-aerospace-ndt-05	syn-co-000110	0	controlled_constraints	syn-q-aerospace-ndt-05:syn-co-000110
syn-q-aerospace-ndt-05	syn-co-000111	0	controlled_constraints	syn-q-aerospace-ndt-05:syn-co-000111
syn-q-aerospace-ndt-05	syn-co-000112	0	controlled_constraints	syn-q-aerospace-ndt-05:syn-co-000112
syn-q-aerospace-ndt-06	syn-co-000097	2	controlled_constraints	syn-q-aerospace-ndt-06:syn-co-000097
syn-q-aerospace-ndt-06	syn-co-000098	2	controlled_constraints	syn-q-aerospace-ndt-06:syn-co-000098
syn-q-aerospace-ndt-06	syn-co-000099	2	controlled_constraints	syn-q-aerospace-ndt-06:syn-co-000099
syn-q-aerospace-ndt-06	syn-co-000100	2	controlled_constraints	syn-q-aerospace-ndt-06:syn-co-000100
syn-q-aerospace-ndt-06	syn-co-000101	2	controlled_constraints	syn-q-aerospace-ndt-06:syn-co-000101
syn-q-aerospace-ndt-06	syn-co-000102	2	controlled_constraints	syn-q-aerospace-ndt-06:syn-co-000102
syn-q-aerospace-ndt-06	syn-co-000103	2	controlled_constraints	syn-q-aerospace-ndt-06:syn-co-000103
syn-q-aerospace-ndt-06	syn-co-000104	2	controlled_constraints	syn-q-aerospace-ndt-06:syn-co-000104
syn-q-aerospace-ndt-06	syn-co-000105	0	controlled_constraints	syn-q-aerospace-ndt-06:syn-co-000105
syn-q-aerospace-ndt-06	syn-co-000106	0	controlled_constraints	syn-q-aerospace-ndt-06:syn-co-000106
syn-q-aerospace-ndt-06	syn-co-000107	0	controlled_constraints	syn-q-aerospace-ndt-06:syn-co-000107
syn-q-aerospace-ndt-06	syn-co-000108	0	controlled_constraints	syn-q-aerospace-ndt-06:syn-co-000108
syn-q-aerospace-ndt-06	syn-co-000109	0	controlled_constraints	syn-q-aerospace-ndt-06:syn-co-000109
syn-q-aerospace-ndt-06	syn-co-000110	0	controlled_constraints	syn-q-aerospace-ndt-06:syn-co-000110
syn-q-aerospace-ndt-06	syn-co-000111	0	controlled_constraints	syn-q-aerospace-ndt-06:syn-co-000111
syn-q-aerospace-ndt-06	syn-co-000112	0	controlled_constraints	syn-q-aerospace-ndt-06:syn-co-000112
syn-q-aerospace-ndt-07	syn-co-000097	2	controlled_constraints	syn-q-aerospace-ndt-07:syn-co-000097
syn-q-aerospace-ndt-07	syn-co-000098	2	controlled_constraints	syn-q-aerospace-ndt-07:syn-co-000098
syn-q-aerospace-ndt-07	syn-co-000099	2	controlled_constraints	syn-q-aerospace-ndt-07:syn-co-000099
syn-q-aerospace-ndt-07	syn-co-000100	2	controlled_constraints	syn-q-aerospace-ndt-07:syn-co-000100
syn-q-aerospace-ndt-07	syn-co-000101	2	controlled_constraints	syn-q-aerospace-ndt-07:syn-co-000101
syn-q-aerospace-ndt-07	syn-co-000102	2	controlled_constraints	syn-q-aerospace-ndt-07:syn-co-000102
syn-q-aerospace-ndt-07	syn-co-000103	2	controlled_constraints	syn-q-aerospace-ndt-07:syn-co-000103
syn-q-aerospace-ndt-07	syn-co-000104	2	controlled_constraints	syn-q-aerospace-ndt-07:syn-co-000104
syn-q-aerospace-ndt-07	syn-co-000105	0	controlled_constraints	syn-q-aerospace-ndt-07:syn-co-000105
syn-q-aerospace-ndt-07	syn-co-000106	0	controlled_constraints	syn-q-aerospace-ndt-07:syn-co-000106
syn-q-aerospace-ndt-07	syn-co-000107	0	controlled_constraints	syn-q-aerospace-ndt-07:syn-co-000107
syn-q-aerospace-ndt-07	syn-co-000108	0	controlled_constraints	syn-q-aerospace-ndt-07:syn-co-000108
syn-q-aerospace-ndt-07	syn-co-000109	0	controlled_constraints	syn-q-aerospace-ndt-07:syn-co-000109
syn-q-aerospace-ndt-07	syn-co-000110	0	controlled_constraints	syn-q-aerospace-ndt-07:syn-co-000110
syn-q-aerospace-ndt-07	syn-co-000111	0	controlled_constraints	syn-q-aerospace-ndt-07:syn-co-000111
syn-q-aerospace-ndt-07	syn-co-000112	0	controlled_constraints	syn-q-aerospace-ndt-07:syn-co-000112
syn-q-aerospace-ndt-08	syn-co-000097	2	controlled_constraints	syn-q-aerospace-ndt-08:syn-co-000097
syn-q-aerospace-ndt-08	syn-co-000098	2	controlled_constraints	syn-q-aerospace-ndt-08:syn-co-000098
syn-q-aerospace-ndt-08	syn-co-000099	2	controlled_constraints	syn-q-aerospace-ndt-08:syn-co-000099
syn-q-aerospace-ndt-08	syn-co-000100	2	controlled_constraints	syn-q-aerospace-ndt-08:syn-co-000100
syn-q-aerospace-ndt-08	syn-co-000101	2	controlled_constraints	syn-q-aerospace-ndt-08:syn-co-000101
syn-q-aerospace-ndt-08	syn-co-000102	2	controlled_constraints	syn-q-aerospace-ndt-08:syn-co-000102
syn-q-aerospace-ndt-08	syn-co-000103	2	controlled_constraints	syn-q-aerospace-ndt-08:syn-co-000103
syn-q-aerospace-ndt-08	syn-co-000104	2	controlled_constraints	syn-q-aerospace-ndt-08:syn-co-000104
syn-q-aerospace-ndt-08	syn-co-000105	0	controlled_constraints	syn-q-aerospace-ndt-08:syn-co-000105
syn-q-aerospace-ndt-08	syn-co-000106	0	controlled_constraints	syn-q-aerospace-ndt-08:syn-co-000106
syn-q-aerospace-ndt-08	syn-co-000107	0	controlled_constraints	syn-q-aerospace-ndt-08:syn-co-000107
syn-q-aerospace-ndt-08	syn-co-000108	0	controlled_constraints	syn-q-aerospace-ndt-08:syn-co-000108
syn-q-aerospace-ndt-08	syn-co-000109	0	controlled_constraints	syn-q-aerospace-ndt-08:syn-co-000109
syn-q-aerospace-ndt-08	syn-co-000110	0	controlled_constraints	syn-q-aerospace-ndt-08:syn-co-000110
syn-q-aerospace-ndt-08	syn-co-000111	0	controlled_constraints	syn-q-aerospace-ndt-08:syn-co-000111
syn-q-aerospace-ndt-08	syn-co-000112	0	controlled_constraints	syn-q-aerospace-ndt-08:syn-co-000112
syn-q-aerospace-ndt-09	syn-co-000097	2	controlled_constraints	syn-q-aerospace-ndt-09:syn-co-000097
syn-q-aerospace-ndt-09	syn-co-000098	2	controlled_constraints	syn-q-aerospace-ndt-09:syn-co-000098
syn-q-aerospace-ndt-09	syn-co-000099	2	controlled_constraints	syn-q-aerospace-ndt-09:syn-co-000099
syn-q-aerospace-ndt-09	syn-co-000100	2	controlled_constraints	syn-q-aerospace-ndt-09:syn-co-000100
syn-q-aerospace-ndt-09	syn-co-000101	2	controlled_constraints	syn-q-aerospace-ndt-09:syn-co-000101
syn-q-aerospace-ndt-09	syn-co-000102	2	controlled_constraints	syn-q-aerospace-ndt-09:syn-co-000102
syn-q-aerospace-ndt-09	syn-co-000103	2	controlled_constraints	syn-q-aerospace-ndt-09:syn-co-000103
syn-q-aerospace-ndt-09	syn-co-000104	2	controlled_constraints	syn-q-aerospace-ndt-09:syn-co-000104
syn-q-aerospace-ndt-09	syn-co-000105	0	controlled_constraints	syn-q-aerospace-ndt-09:syn-co-000105
syn-q-aerospace-ndt-09	syn-co-000106	0	controlled_constraints	syn-q-aerospace-ndt-09:syn-co-000106
syn-q-aerospace-ndt-09	syn-co-000107	0	controlled_constraints	syn-q-aerospace-ndt-09:syn-co-000107
syn-q-aerospace-ndt-09	syn-co-000108	0	controlled_constraints	syn-q-aerospace-ndt-09:syn-co-000108
syn-q-aerospace-ndt-09	syn-co-000109	0	controlled_constraints	syn-q-aerospace-ndt-09:syn-co-000109
syn-q-aerospace-ndt-09	syn-co-000110	0	controlled_constraints	syn-q-aerospace-ndt-09:syn-co-000110
syn-q-aerospace-ndt-09	syn-co-000111	0	controlled_constraints	syn-q-aerospace-ndt-09:syn-co-000111
syn-q-aerospace-ndt-09	syn-co-000112	0	controlled_constraints	syn-q-aerospace-ndt-09:syn-co-000112
syn-q-aerospace-ndt-10	syn-co-000097	2	controlled_constraints	syn-q-aerospace-ndt-10:syn-co-000097
syn-q-aerospace-ndt-10	syn-co-000098	2	controlled_constraints	syn-q-aerospace-ndt-10:syn-co-000098
syn-q-aerospace-ndt-10	syn-co-000099	2	controlled_constraints	syn-q-aerospace-ndt-10:syn-co-000099
syn-q-aerospace-ndt-10	syn-co-000100	2	controlled_constraints	syn-q-aerospace-ndt-10:syn-co-000100
syn-q-aerospace-ndt-10	syn-co-000101	2	controlled_constraints	syn-q-aerospace-ndt-10:syn-co-000101
syn-q-aerospace-ndt-10	syn-co-000102	2	controlled_constraints	syn-q-aerospace-ndt-10:syn-co-000102
syn-q-aerospace-ndt-10	syn-co-000103	2	controlled_constraints	syn-q-aerospace-ndt-10:syn-co-000103
syn-q-aerospace-ndt-10	syn-co-000104	2	controlled_constraints	syn-q-aerospace-ndt-10:syn-co-000104
syn-q-aerospace-ndt-10	syn-co-000105	0	controlled_constraints	syn-q-aerospace-ndt-10:syn-co-000105
syn-q-aerospace-ndt-10	syn-co-000106	0	controlled_constraints	syn-q-aerospace-ndt-10:syn-co-000106
syn-q-aerospace-ndt-10	syn-co-000107	0	controlled_constraints	syn-q-aerospace-ndt-10:syn-co-000107
syn-q-aerospace-ndt-10	syn-co-000108	0	controlled_constraints	syn-q-aerospace-ndt-10:syn-co-000108
syn-q-aerospace-ndt-10	syn-co-000109	0	controlled_constraints	syn-q-aerospace-ndt-10:syn-co-000109
syn-q-aerospace-ndt-10	syn-co-000110	0	controlled_constraints	syn-q-aerospace-ndt-10:syn-co-000110
syn-q-aerospace-ndt-10	syn-co-000111	0	controlled_constraints	syn-q-aerospace-ndt-10:syn-co-000111
syn-q-aerospace-ndt-10	syn-co-000112	0	controlled_constraints	syn-q-aerospace-ndt-10:syn-co-000112
syn-q-private-label-food-01	syn-co-000113	2	controlled_constraints	syn-q-private-label-food-01:syn-co-000113
syn-q-private-label-food-01	syn-co-000114	2	controlled_constraints	syn-q-private-label-food-01:syn-co-000114
syn-q-private-label-food-01	syn-co-000115	2	controlled_constraints	syn-q-private-label-food-01:syn-co-000115
syn-q-private-label-food-01	syn-co-000116	2	controlled_constraints	syn-q-private-label-food-01:syn-co-000116
syn-q-private-label-food-01	syn-co-000117	2	controlled_constraints	syn-q-private-label-food-01:syn-co-000117
syn-q-private-label-food-01	syn-co-000118	2	controlled_constraints	syn-q-private-label-food-01:syn-co-000118
syn-q-private-label-food-01	syn-co-000119	2	controlled_constraints	syn-q-private-label-food-01:syn-co-000119
syn-q-private-label-food-01	syn-co-000120	2	controlled_constraints	syn-q-private-label-food-01:syn-co-000120
syn-q-private-label-food-01	syn-co-000121	0	controlled_constraints	syn-q-private-label-food-01:syn-co-000121
syn-q-private-label-food-01	syn-co-000122	0	controlled_constraints	syn-q-private-label-food-01:syn-co-000122
syn-q-private-label-food-01	syn-co-000123	0	controlled_constraints	syn-q-private-label-food-01:syn-co-000123
syn-q-private-label-food-01	syn-co-000124	0	controlled_constraints	syn-q-private-label-food-01:syn-co-000124
syn-q-private-label-food-01	syn-co-000125	0	controlled_constraints	syn-q-private-label-food-01:syn-co-000125
syn-q-private-label-food-01	syn-co-000126	0	controlled_constraints	syn-q-private-label-food-01:syn-co-000126
syn-q-private-label-food-01	syn-co-000127	0	controlled_constraints	syn-q-private-label-food-01:syn-co-000127
syn-q-private-label-food-01	syn-co-000128	0	controlled_constraints	syn-q-private-label-food-01:syn-co-000128
syn-q-private-label-food-02	syn-co-000113	2	controlled_constraints	syn-q-private-label-food-02:syn-co-000113
syn-q-private-label-food-02	syn-co-000114	2	controlled_constraints	syn-q-private-label-food-02:syn-co-000114
syn-q-private-label-food-02	syn-co-000115	2	controlled_constraints	syn-q-private-label-food-02:syn-co-000115
syn-q-private-label-food-02	syn-co-000116	2	controlled_constraints	syn-q-private-label-food-02:syn-co-000116
syn-q-private-label-food-02	syn-co-000117	2	controlled_constraints	syn-q-private-label-food-02:syn-co-000117
syn-q-private-label-food-02	syn-co-000118	2	controlled_constraints	syn-q-private-label-food-02:syn-co-000118
syn-q-private-label-food-02	syn-co-000119	2	controlled_constraints	syn-q-private-label-food-02:syn-co-000119
syn-q-private-label-food-02	syn-co-000120	2	controlled_constraints	syn-q-private-label-food-02:syn-co-000120
syn-q-private-label-food-02	syn-co-000121	0	controlled_constraints	syn-q-private-label-food-02:syn-co-000121
syn-q-private-label-food-02	syn-co-000122	0	controlled_constraints	syn-q-private-label-food-02:syn-co-000122
syn-q-private-label-food-02	syn-co-000123	0	controlled_constraints	syn-q-private-label-food-02:syn-co-000123
syn-q-private-label-food-02	syn-co-000124	0	controlled_constraints	syn-q-private-label-food-02:syn-co-000124
syn-q-private-label-food-02	syn-co-000125	0	controlled_constraints	syn-q-private-label-food-02:syn-co-000125
syn-q-private-label-food-02	syn-co-000126	0	controlled_constraints	syn-q-private-label-food-02:syn-co-000126
syn-q-private-label-food-02	syn-co-000127	0	controlled_constraints	syn-q-private-label-food-02:syn-co-000127
syn-q-private-label-food-02	syn-co-000128	0	controlled_constraints	syn-q-private-label-food-02:syn-co-000128
syn-q-private-label-food-03	syn-co-000113	2	controlled_constraints	syn-q-private-label-food-03:syn-co-000113
syn-q-private-label-food-03	syn-co-000114	2	controlled_constraints	syn-q-private-label-food-03:syn-co-000114
syn-q-private-label-food-03	syn-co-000115	2	controlled_constraints	syn-q-private-label-food-03:syn-co-000115
syn-q-private-label-food-03	syn-co-000116	2	controlled_constraints	syn-q-private-label-food-03:syn-co-000116
syn-q-private-label-food-03	syn-co-000117	2	controlled_constraints	syn-q-private-label-food-03:syn-co-000117
syn-q-private-label-food-03	syn-co-000118	2	controlled_constraints	syn-q-private-label-food-03:syn-co-000118
syn-q-private-label-food-03	syn-co-000119	2	controlled_constraints	syn-q-private-label-food-03:syn-co-000119
syn-q-private-label-food-03	syn-co-000120	2	controlled_constraints	syn-q-private-label-food-03:syn-co-000120
syn-q-private-label-food-03	syn-co-000121	0	controlled_constraints	syn-q-private-label-food-03:syn-co-000121
syn-q-private-label-food-03	syn-co-000122	0	controlled_constraints	syn-q-private-label-food-03:syn-co-000122
syn-q-private-label-food-03	syn-co-000123	0	controlled_constraints	syn-q-private-label-food-03:syn-co-000123
syn-q-private-label-food-03	syn-co-000124	0	controlled_constraints	syn-q-private-label-food-03:syn-co-000124
syn-q-private-label-food-03	syn-co-000125	0	controlled_constraints	syn-q-private-label-food-03:syn-co-000125
syn-q-private-label-food-03	syn-co-000126	0	controlled_constraints	syn-q-private-label-food-03:syn-co-000126
syn-q-private-label-food-03	syn-co-000127	0	controlled_constraints	syn-q-private-label-food-03:syn-co-000127
syn-q-private-label-food-03	syn-co-000128	0	controlled_constraints	syn-q-private-label-food-03:syn-co-000128
syn-q-private-label-food-04	syn-co-000113	2	controlled_constraints	syn-q-private-label-food-04:syn-co-000113
syn-q-private-label-food-04	syn-co-000114	2	controlled_constraints	syn-q-private-label-food-04:syn-co-000114
syn-q-private-label-food-04	syn-co-000115	2	controlled_constraints	syn-q-private-label-food-04:syn-co-000115
syn-q-private-label-food-04	syn-co-000116	2	controlled_constraints	syn-q-private-label-food-04:syn-co-000116
syn-q-private-label-food-04	syn-co-000117	2	controlled_constraints	syn-q-private-label-food-04:syn-co-000117
syn-q-private-label-food-04	syn-co-000118	2	controlled_constraints	syn-q-private-label-food-04:syn-co-000118
syn-q-private-label-food-04	syn-co-000119	2	controlled_constraints	syn-q-private-label-food-04:syn-co-000119
syn-q-private-label-food-04	syn-co-000120	2	controlled_constraints	syn-q-private-label-food-04:syn-co-000120
syn-q-private-label-food-04	syn-co-000121	0	controlled_constraints	syn-q-private-label-food-04:syn-co-000121
syn-q-private-label-food-04	syn-co-000122	0	controlled_constraints	syn-q-private-label-food-04:syn-co-000122
syn-q-private-label-food-04	syn-co-000123	0	controlled_constraints	syn-q-private-label-food-04:syn-co-000123
syn-q-private-label-food-04	syn-co-000124	0	controlled_constraints	syn-q-private-label-food-04:syn-co-000124
syn-q-private-label-food-04	syn-co-000125	0	controlled_constraints	syn-q-private-label-food-04:syn-co-000125
syn-q-private-label-food-04	syn-co-000126	0	controlled_constraints	syn-q-private-label-food-04:syn-co-000126
syn-q-private-label-food-04	syn-co-000127	0	controlled_constraints	syn-q-private-label-food-04:syn-co-000127
syn-q-private-label-food-04	syn-co-000128	0	controlled_constraints	syn-q-private-label-food-04:syn-co-000128
syn-q-private-label-food-05	syn-co-000113	2	controlled_constraints	syn-q-private-label-food-05:syn-co-000113
syn-q-private-label-food-05	syn-co-000114	2	controlled_constraints	syn-q-private-label-food-05:syn-co-000114
syn-q-private-label-food-05	syn-co-000115	2	controlled_constraints	syn-q-private-label-food-05:syn-co-000115
syn-q-private-label-food-05	syn-co-000116	2	controlled_constraints	syn-q-private-label-food-05:syn-co-000116
syn-q-private-label-food-05	syn-co-000117	2	controlled_constraints	syn-q-private-label-food-05:syn-co-000117
syn-q-private-label-food-05	syn-co-000118	2	controlled_constraints	syn-q-private-label-food-05:syn-co-000118
syn-q-private-label-food-05	syn-co-000119	2	controlled_constraints	syn-q-private-label-food-05:syn-co-000119
syn-q-private-label-food-05	syn-co-000120	2	controlled_constraints	syn-q-private-label-food-05:syn-co-000120
syn-q-private-label-food-05	syn-co-000121	0	controlled_constraints	syn-q-private-label-food-05:syn-co-000121
syn-q-private-label-food-05	syn-co-000122	0	controlled_constraints	syn-q-private-label-food-05:syn-co-000122
syn-q-private-label-food-05	syn-co-000123	0	controlled_constraints	syn-q-private-label-food-05:syn-co-000123
syn-q-private-label-food-05	syn-co-000124	0	controlled_constraints	syn-q-private-label-food-05:syn-co-000124
syn-q-private-label-food-05	syn-co-000125	0	controlled_constraints	syn-q-private-label-food-05:syn-co-000125
syn-q-private-label-food-05	syn-co-000126	0	controlled_constraints	syn-q-private-label-food-05:syn-co-000126
syn-q-private-label-food-05	syn-co-000127	0	controlled_constraints	syn-q-private-label-food-05:syn-co-000127
syn-q-private-label-food-05	syn-co-000128	0	controlled_constraints	syn-q-private-label-food-05:syn-co-000128
syn-q-private-label-food-06	syn-co-000113	2	controlled_constraints	syn-q-private-label-food-06:syn-co-000113
syn-q-private-label-food-06	syn-co-000114	2	controlled_constraints	syn-q-private-label-food-06:syn-co-000114
syn-q-private-label-food-06	syn-co-000115	2	controlled_constraints	syn-q-private-label-food-06:syn-co-000115
syn-q-private-label-food-06	syn-co-000116	2	controlled_constraints	syn-q-private-label-food-06:syn-co-000116
syn-q-private-label-food-06	syn-co-000117	2	controlled_constraints	syn-q-private-label-food-06:syn-co-000117
syn-q-private-label-food-06	syn-co-000118	2	controlled_constraints	syn-q-private-label-food-06:syn-co-000118
syn-q-private-label-food-06	syn-co-000119	2	controlled_constraints	syn-q-private-label-food-06:syn-co-000119
syn-q-private-label-food-06	syn-co-000120	2	controlled_constraints	syn-q-private-label-food-06:syn-co-000120
syn-q-private-label-food-06	syn-co-000121	0	controlled_constraints	syn-q-private-label-food-06:syn-co-000121
syn-q-private-label-food-06	syn-co-000122	0	controlled_constraints	syn-q-private-label-food-06:syn-co-000122
syn-q-private-label-food-06	syn-co-000123	0	controlled_constraints	syn-q-private-label-food-06:syn-co-000123
syn-q-private-label-food-06	syn-co-000124	0	controlled_constraints	syn-q-private-label-food-06:syn-co-000124
syn-q-private-label-food-06	syn-co-000125	0	controlled_constraints	syn-q-private-label-food-06:syn-co-000125
syn-q-private-label-food-06	syn-co-000126	0	controlled_constraints	syn-q-private-label-food-06:syn-co-000126
syn-q-private-label-food-06	syn-co-000127	0	controlled_constraints	syn-q-private-label-food-06:syn-co-000127
syn-q-private-label-food-06	syn-co-000128	0	controlled_constraints	syn-q-private-label-food-06:syn-co-000128
syn-q-private-label-food-07	syn-co-000113	2	controlled_constraints	syn-q-private-label-food-07:syn-co-000113
syn-q-private-label-food-07	syn-co-000114	2	controlled_constraints	syn-q-private-label-food-07:syn-co-000114
syn-q-private-label-food-07	syn-co-000115	2	controlled_constraints	syn-q-private-label-food-07:syn-co-000115
syn-q-private-label-food-07	syn-co-000116	2	controlled_constraints	syn-q-private-label-food-07:syn-co-000116
syn-q-private-label-food-07	syn-co-000117	2	controlled_constraints	syn-q-private-label-food-07:syn-co-000117
syn-q-private-label-food-07	syn-co-000118	2	controlled_constraints	syn-q-private-label-food-07:syn-co-000118
syn-q-private-label-food-07	syn-co-000119	2	controlled_constraints	syn-q-private-label-food-07:syn-co-000119
syn-q-private-label-food-07	syn-co-000120	2	controlled_constraints	syn-q-private-label-food-07:syn-co-000120
syn-q-private-label-food-07	syn-co-000121	0	controlled_constraints	syn-q-private-label-food-07:syn-co-000121
syn-q-private-label-food-07	syn-co-000122	0	controlled_constraints	syn-q-private-label-food-07:syn-co-000122
syn-q-private-label-food-07	syn-co-000123	0	controlled_constraints	syn-q-private-label-food-07:syn-co-000123
syn-q-private-label-food-07	syn-co-000124	0	controlled_constraints	syn-q-private-label-food-07:syn-co-000124
syn-q-private-label-food-07	syn-co-000125	0	controlled_constraints	syn-q-private-label-food-07:syn-co-000125
syn-q-private-label-food-07	syn-co-000126	0	controlled_constraints	syn-q-private-label-food-07:syn-co-000126
syn-q-private-label-food-07	syn-co-000127	0	controlled_constraints	syn-q-private-label-food-07:syn-co-000127
syn-q-private-label-food-07	syn-co-000128	0	controlled_constraints	syn-q-private-label-food-07:syn-co-000128
syn-q-private-label-food-08	syn-co-000113	2	controlled_constraints	syn-q-private-label-food-08:syn-co-000113
syn-q-private-label-food-08	syn-co-000114	2	controlled_constraints	syn-q-private-label-food-08:syn-co-000114
syn-q-private-label-food-08	syn-co-000115	2	controlled_constraints	syn-q-private-label-food-08:syn-co-000115
syn-q-private-label-food-08	syn-co-000116	2	controlled_constraints	syn-q-private-label-food-08:syn-co-000116
syn-q-private-label-food-08	syn-co-000117	2	controlled_constraints	syn-q-private-label-food-08:syn-co-000117
syn-q-private-label-food-08	syn-co-000118	2	controlled_constraints	syn-q-private-label-food-08:syn-co-000118
syn-q-private-label-food-08	syn-co-000119	2	controlled_constraints	syn-q-private-label-food-08:syn-co-000119
syn-q-private-label-food-08	syn-co-000120	2	controlled_constraints	syn-q-private-label-food-08:syn-co-000120
syn-q-private-label-food-08	syn-co-000121	0	controlled_constraints	syn-q-private-label-food-08:syn-co-000121
syn-q-private-label-food-08	syn-co-000122	0	controlled_constraints	syn-q-private-label-food-08:syn-co-000122
syn-q-private-label-food-08	syn-co-000123	0	controlled_constraints	syn-q-private-label-food-08:syn-co-000123
syn-q-private-label-food-08	syn-co-000124	0	controlled_constraints	syn-q-private-label-food-08:syn-co-000124
syn-q-private-label-food-08	syn-co-000125	0	controlled_constraints	syn-q-private-label-food-08:syn-co-000125
syn-q-private-label-food-08	syn-co-000126	0	controlled_constraints	syn-q-private-label-food-08:syn-co-000126
syn-q-private-label-food-08	syn-co-000127	0	controlled_constraints	syn-q-private-label-food-08:syn-co-000127
syn-q-private-label-food-08	syn-co-000128	0	controlled_constraints	syn-q-private-label-food-08:syn-co-000128
syn-q-private-label-food-09	syn-co-000113	2	controlled_constraints	syn-q-private-label-food-09:syn-co-000113
syn-q-private-label-food-09	syn-co-000114	2	controlled_constraints	syn-q-private-label-food-09:syn-co-000114
syn-q-private-label-food-09	syn-co-000115	2	controlled_constraints	syn-q-private-label-food-09:syn-co-000115
syn-q-private-label-food-09	syn-co-000116	2	controlled_constraints	syn-q-private-label-food-09:syn-co-000116
syn-q-private-label-food-09	syn-co-000117	2	controlled_constraints	syn-q-private-label-food-09:syn-co-000117
syn-q-private-label-food-09	syn-co-000118	2	controlled_constraints	syn-q-private-label-food-09:syn-co-000118
syn-q-private-label-food-09	syn-co-000119	2	controlled_constraints	syn-q-private-label-food-09:syn-co-000119
syn-q-private-label-food-09	syn-co-000120	2	controlled_constraints	syn-q-private-label-food-09:syn-co-000120
syn-q-private-label-food-09	syn-co-000121	0	controlled_constraints	syn-q-private-label-food-09:syn-co-000121
syn-q-private-label-food-09	syn-co-000122	0	controlled_constraints	syn-q-private-label-food-09:syn-co-000122
syn-q-private-label-food-09	syn-co-000123	0	controlled_constraints	syn-q-private-label-food-09:syn-co-000123
syn-q-private-label-food-09	syn-co-000124	0	controlled_constraints	syn-q-private-label-food-09:syn-co-000124
syn-q-private-label-food-09	syn-co-000125	0	controlled_constraints	syn-q-private-label-food-09:syn-co-000125
syn-q-private-label-food-09	syn-co-000126	0	controlled_constraints	syn-q-private-label-food-09:syn-co-000126
syn-q-private-label-food-09	syn-co-000127	0	controlled_constraints	syn-q-private-label-food-09:syn-co-000127
syn-q-private-label-food-09	syn-co-000128	0	controlled_constraints	syn-q-private-label-food-09:syn-co-000128
syn-q-private-label-food-10	syn-co-000113	2	controlled_constraints	syn-q-private-label-food-10:syn-co-000113
syn-q-private-label-food-10	syn-co-000114	2	controlled_constraints	syn-q-private-label-food-10:syn-co-000114
syn-q-private-label-food-10	syn-co-000115	2	controlled_constraints	syn-q-private-label-food-10:syn-co-000115
syn-q-private-label-food-10	syn-co-000116	2	controlled_constraints	syn-q-private-label-food-10:syn-co-000116
syn-q-private-label-food-10	syn-co-000117	2	controlled_constraints	syn-q-private-label-food-10:syn-co-000117
syn-q-private-label-food-10	syn-co-000118	2	controlled_constraints	syn-q-private-label-food-10:syn-co-000118
syn-q-private-label-food-10	syn-co-000119	2	controlled_constraints	syn-q-private-label-food-10:syn-co-000119
syn-q-private-label-food-10	syn-co-000120	2	controlled_constraints	syn-q-private-label-food-10:syn-co-000120
syn-q-private-label-food-10	syn-co-000121	0	controlled_constraints	syn-q-private-label-food-10:syn-co-000121
syn-q-private-label-food-10	syn-co-000122	0	controlled_constraints	syn-q-private-label-food-10:syn-co-000122
syn-q-private-label-food-10	syn-co-000123	0	controlled_constraints	syn-q-private-label-food-10:syn-co-000123
syn-q-private-label-food-10	syn-co-000124	0	controlled_constraints	syn-q-private-label-food-10:syn-co-000124
syn-q-private-label-food-10	syn-co-000125	0	controlled_constraints	syn-q-private-label-food-10:syn-co-000125
syn-q-private-label-food-10	syn-co-000126	0	controlled_constraints	syn-q-private-label-food-10:syn-co-000126
syn-q-private-label-food-10	syn-co-000127	0	controlled_constraints	syn-q-private-label-food-10:syn-co-000127
syn-q-private-label-food-10	syn-co-000128	0	controlled_constraints	syn-q-private-label-food-10:syn-co-000128
syn-q-data-center-cooling-01	syn-co-000129	2	controlled_constraints	syn-q-data-center-cooling-01:syn-co-000129
syn-q-data-center-cooling-01	syn-co-000130	2	controlled_constraints	syn-q-data-center-cooling-01:syn-co-000130
syn-q-data-center-cooling-01	syn-co-000131	2	controlled_constraints	syn-q-data-center-cooling-01:syn-co-000131
syn-q-data-center-cooling-01	syn-co-000132	2	controlled_constraints	syn-q-data-center-cooling-01:syn-co-000132
syn-q-data-center-cooling-01	syn-co-000133	2	controlled_constraints	syn-q-data-center-cooling-01:syn-co-000133
syn-q-data-center-cooling-01	syn-co-000134	2	controlled_constraints	syn-q-data-center-cooling-01:syn-co-000134
syn-q-data-center-cooling-01	syn-co-000135	2	controlled_constraints	syn-q-data-center-cooling-01:syn-co-000135
syn-q-data-center-cooling-01	syn-co-000136	2	controlled_constraints	syn-q-data-center-cooling-01:syn-co-000136
syn-q-data-center-cooling-01	syn-co-000137	0	controlled_constraints	syn-q-data-center-cooling-01:syn-co-000137
syn-q-data-center-cooling-01	syn-co-000138	0	controlled_constraints	syn-q-data-center-cooling-01:syn-co-000138
syn-q-data-center-cooling-01	syn-co-000139	0	controlled_constraints	syn-q-data-center-cooling-01:syn-co-000139
syn-q-data-center-cooling-01	syn-co-000140	0	controlled_constraints	syn-q-data-center-cooling-01:syn-co-000140
syn-q-data-center-cooling-01	syn-co-000141	0	controlled_constraints	syn-q-data-center-cooling-01:syn-co-000141
syn-q-data-center-cooling-01	syn-co-000142	0	controlled_constraints	syn-q-data-center-cooling-01:syn-co-000142
syn-q-data-center-cooling-01	syn-co-000143	0	controlled_constraints	syn-q-data-center-cooling-01:syn-co-000143
syn-q-data-center-cooling-01	syn-co-000144	0	controlled_constraints	syn-q-data-center-cooling-01:syn-co-000144
syn-q-data-center-cooling-02	syn-co-000129	2	controlled_constraints	syn-q-data-center-cooling-02:syn-co-000129
syn-q-data-center-cooling-02	syn-co-000130	2	controlled_constraints	syn-q-data-center-cooling-02:syn-co-000130
syn-q-data-center-cooling-02	syn-co-000131	2	controlled_constraints	syn-q-data-center-cooling-02:syn-co-000131
syn-q-data-center-cooling-02	syn-co-000132	2	controlled_constraints	syn-q-data-center-cooling-02:syn-co-000132
syn-q-data-center-cooling-02	syn-co-000133	2	controlled_constraints	syn-q-data-center-cooling-02:syn-co-000133
syn-q-data-center-cooling-02	syn-co-000134	2	controlled_constraints	syn-q-data-center-cooling-02:syn-co-000134
syn-q-data-center-cooling-02	syn-co-000135	2	controlled_constraints	syn-q-data-center-cooling-02:syn-co-000135
syn-q-data-center-cooling-02	syn-co-000136	2	controlled_constraints	syn-q-data-center-cooling-02:syn-co-000136
syn-q-data-center-cooling-02	syn-co-000137	0	controlled_constraints	syn-q-data-center-cooling-02:syn-co-000137
syn-q-data-center-cooling-02	syn-co-000138	0	controlled_constraints	syn-q-data-center-cooling-02:syn-co-000138
syn-q-data-center-cooling-02	syn-co-000139	0	controlled_constraints	syn-q-data-center-cooling-02:syn-co-000139
syn-q-data-center-cooling-02	syn-co-000140	0	controlled_constraints	syn-q-data-center-cooling-02:syn-co-000140
syn-q-data-center-cooling-02	syn-co-000141	0	controlled_constraints	syn-q-data-center-cooling-02:syn-co-000141
syn-q-data-center-cooling-02	syn-co-000142	0	controlled_constraints	syn-q-data-center-cooling-02:syn-co-000142
syn-q-data-center-cooling-02	syn-co-000143	0	controlled_constraints	syn-q-data-center-cooling-02:syn-co-000143
syn-q-data-center-cooling-02	syn-co-000144	0	controlled_constraints	syn-q-data-center-cooling-02:syn-co-000144
syn-q-data-center-cooling-03	syn-co-000129	2	controlled_constraints	syn-q-data-center-cooling-03:syn-co-000129
syn-q-data-center-cooling-03	syn-co-000130	2	controlled_constraints	syn-q-data-center-cooling-03:syn-co-000130
syn-q-data-center-cooling-03	syn-co-000131	2	controlled_constraints	syn-q-data-center-cooling-03:syn-co-000131
syn-q-data-center-cooling-03	syn-co-000132	2	controlled_constraints	syn-q-data-center-cooling-03:syn-co-000132
syn-q-data-center-cooling-03	syn-co-000133	2	controlled_constraints	syn-q-data-center-cooling-03:syn-co-000133
syn-q-data-center-cooling-03	syn-co-000134	2	controlled_constraints	syn-q-data-center-cooling-03:syn-co-000134
syn-q-data-center-cooling-03	syn-co-000135	2	controlled_constraints	syn-q-data-center-cooling-03:syn-co-000135
syn-q-data-center-cooling-03	syn-co-000136	2	controlled_constraints	syn-q-data-center-cooling-03:syn-co-000136
syn-q-data-center-cooling-03	syn-co-000137	0	controlled_constraints	syn-q-data-center-cooling-03:syn-co-000137
syn-q-data-center-cooling-03	syn-co-000138	0	controlled_constraints	syn-q-data-center-cooling-03:syn-co-000138
syn-q-data-center-cooling-03	syn-co-000139	0	controlled_constraints	syn-q-data-center-cooling-03:syn-co-000139
syn-q-data-center-cooling-03	syn-co-000140	0	controlled_constraints	syn-q-data-center-cooling-03:syn-co-000140
syn-q-data-center-cooling-03	syn-co-000141	0	controlled_constraints	syn-q-data-center-cooling-03:syn-co-000141
syn-q-data-center-cooling-03	syn-co-000142	0	controlled_constraints	syn-q-data-center-cooling-03:syn-co-000142
syn-q-data-center-cooling-03	syn-co-000143	0	controlled_constraints	syn-q-data-center-cooling-03:syn-co-000143
syn-q-data-center-cooling-03	syn-co-000144	0	controlled_constraints	syn-q-data-center-cooling-03:syn-co-000144
syn-q-data-center-cooling-04	syn-co-000129	2	controlled_constraints	syn-q-data-center-cooling-04:syn-co-000129
syn-q-data-center-cooling-04	syn-co-000130	2	controlled_constraints	syn-q-data-center-cooling-04:syn-co-000130
syn-q-data-center-cooling-04	syn-co-000131	2	controlled_constraints	syn-q-data-center-cooling-04:syn-co-000131
syn-q-data-center-cooling-04	syn-co-000132	2	controlled_constraints	syn-q-data-center-cooling-04:syn-co-000132
syn-q-data-center-cooling-04	syn-co-000133	2	controlled_constraints	syn-q-data-center-cooling-04:syn-co-000133
syn-q-data-center-cooling-04	syn-co-000134	2	controlled_constraints	syn-q-data-center-cooling-04:syn-co-000134
syn-q-data-center-cooling-04	syn-co-000135	2	controlled_constraints	syn-q-data-center-cooling-04:syn-co-000135
syn-q-data-center-cooling-04	syn-co-000136	2	controlled_constraints	syn-q-data-center-cooling-04:syn-co-000136
syn-q-data-center-cooling-04	syn-co-000137	0	controlled_constraints	syn-q-data-center-cooling-04:syn-co-000137
syn-q-data-center-cooling-04	syn-co-000138	0	controlled_constraints	syn-q-data-center-cooling-04:syn-co-000138
syn-q-data-center-cooling-04	syn-co-000139	0	controlled_constraints	syn-q-data-center-cooling-04:syn-co-000139
syn-q-data-center-cooling-04	syn-co-000140	0	controlled_constraints	syn-q-data-center-cooling-04:syn-co-000140
syn-q-data-center-cooling-04	syn-co-000141	0	controlled_constraints	syn-q-data-center-cooling-04:syn-co-000141
syn-q-data-center-cooling-04	syn-co-000142	0	controlled_constraints	syn-q-data-center-cooling-04:syn-co-000142
syn-q-data-center-cooling-04	syn-co-000143	0	controlled_constraints	syn-q-data-center-cooling-04:syn-co-000143
syn-q-data-center-cooling-04	syn-co-000144	0	controlled_constraints	syn-q-data-center-cooling-04:syn-co-000144
syn-q-data-center-cooling-05	syn-co-000129	2	controlled_constraints	syn-q-data-center-cooling-05:syn-co-000129
syn-q-data-center-cooling-05	syn-co-000130	2	controlled_constraints	syn-q-data-center-cooling-05:syn-co-000130
syn-q-data-center-cooling-05	syn-co-000131	2	controlled_constraints	syn-q-data-center-cooling-05:syn-co-000131
syn-q-data-center-cooling-05	syn-co-000132	2	controlled_constraints	syn-q-data-center-cooling-05:syn-co-000132
syn-q-data-center-cooling-05	syn-co-000133	2	controlled_constraints	syn-q-data-center-cooling-05:syn-co-000133
syn-q-data-center-cooling-05	syn-co-000134	2	controlled_constraints	syn-q-data-center-cooling-05:syn-co-000134
syn-q-data-center-cooling-05	syn-co-000135	2	controlled_constraints	syn-q-data-center-cooling-05:syn-co-000135
syn-q-data-center-cooling-05	syn-co-000136	2	controlled_constraints	syn-q-data-center-cooling-05:syn-co-000136
syn-q-data-center-cooling-05	syn-co-000137	0	controlled_constraints	syn-q-data-center-cooling-05:syn-co-000137
syn-q-data-center-cooling-05	syn-co-000138	0	controlled_constraints	syn-q-data-center-cooling-05:syn-co-000138
syn-q-data-center-cooling-05	syn-co-000139	0	controlled_constraints	syn-q-data-center-cooling-05:syn-co-000139
syn-q-data-center-cooling-05	syn-co-000140	0	controlled_constraints	syn-q-data-center-cooling-05:syn-co-000140
syn-q-data-center-cooling-05	syn-co-000141	0	controlled_constraints	syn-q-data-center-cooling-05:syn-co-000141
syn-q-data-center-cooling-05	syn-co-000142	0	controlled_constraints	syn-q-data-center-cooling-05:syn-co-000142
syn-q-data-center-cooling-05	syn-co-000143	0	controlled_constraints	syn-q-data-center-cooling-05:syn-co-000143
syn-q-data-center-cooling-05	syn-co-000144	0	controlled_constraints	syn-q-data-center-cooling-05:syn-co-000144
syn-q-data-center-cooling-06	syn-co-000129	2	controlled_constraints	syn-q-data-center-cooling-06:syn-co-000129
syn-q-data-center-cooling-06	syn-co-000130	2	controlled_constraints	syn-q-data-center-cooling-06:syn-co-000130
syn-q-data-center-cooling-06	syn-co-000131	2	controlled_constraints	syn-q-data-center-cooling-06:syn-co-000131
syn-q-data-center-cooling-06	syn-co-000132	2	controlled_constraints	syn-q-data-center-cooling-06:syn-co-000132
syn-q-data-center-cooling-06	syn-co-000133	2	controlled_constraints	syn-q-data-center-cooling-06:syn-co-000133
syn-q-data-center-cooling-06	syn-co-000134	2	controlled_constraints	syn-q-data-center-cooling-06:syn-co-000134
syn-q-data-center-cooling-06	syn-co-000135	2	controlled_constraints	syn-q-data-center-cooling-06:syn-co-000135
syn-q-data-center-cooling-06	syn-co-000136	2	controlled_constraints	syn-q-data-center-cooling-06:syn-co-000136
syn-q-data-center-cooling-06	syn-co-000137	0	controlled_constraints	syn-q-data-center-cooling-06:syn-co-000137
syn-q-data-center-cooling-06	syn-co-000138	0	controlled_constraints	syn-q-data-center-cooling-06:syn-co-000138
syn-q-data-center-cooling-06	syn-co-000139	0	controlled_constraints	syn-q-data-center-cooling-06:syn-co-000139
syn-q-data-center-cooling-06	syn-co-000140	0	controlled_constraints	syn-q-data-center-cooling-06:syn-co-000140
syn-q-data-center-cooling-06	syn-co-000141	0	controlled_constraints	syn-q-data-center-cooling-06:syn-co-000141
syn-q-data-center-cooling-06	syn-co-000142	0	controlled_constraints	syn-q-data-center-cooling-06:syn-co-000142
syn-q-data-center-cooling-06	syn-co-000143	0	controlled_constraints	syn-q-data-center-cooling-06:syn-co-000143
syn-q-data-center-cooling-06	syn-co-000144	0	controlled_constraints	syn-q-data-center-cooling-06:syn-co-000144
syn-q-data-center-cooling-07	syn-co-000129	2	controlled_constraints	syn-q-data-center-cooling-07:syn-co-000129
syn-q-data-center-cooling-07	syn-co-000130	2	controlled_constraints	syn-q-data-center-cooling-07:syn-co-000130
syn-q-data-center-cooling-07	syn-co-000131	2	controlled_constraints	syn-q-data-center-cooling-07:syn-co-000131
syn-q-data-center-cooling-07	syn-co-000132	2	controlled_constraints	syn-q-data-center-cooling-07:syn-co-000132
syn-q-data-center-cooling-07	syn-co-000133	2	controlled_constraints	syn-q-data-center-cooling-07:syn-co-000133
syn-q-data-center-cooling-07	syn-co-000134	2	controlled_constraints	syn-q-data-center-cooling-07:syn-co-000134
syn-q-data-center-cooling-07	syn-co-000135	2	controlled_constraints	syn-q-data-center-cooling-07:syn-co-000135
syn-q-data-center-cooling-07	syn-co-000136	2	controlled_constraints	syn-q-data-center-cooling-07:syn-co-000136
syn-q-data-center-cooling-07	syn-co-000137	0	controlled_constraints	syn-q-data-center-cooling-07:syn-co-000137
syn-q-data-center-cooling-07	syn-co-000138	0	controlled_constraints	syn-q-data-center-cooling-07:syn-co-000138
syn-q-data-center-cooling-07	syn-co-000139	0	controlled_constraints	syn-q-data-center-cooling-07:syn-co-000139
syn-q-data-center-cooling-07	syn-co-000140	0	controlled_constraints	syn-q-data-center-cooling-07:syn-co-000140
syn-q-data-center-cooling-07	syn-co-000141	0	controlled_constraints	syn-q-data-center-cooling-07:syn-co-000141
syn-q-data-center-cooling-07	syn-co-000142	0	controlled_constraints	syn-q-data-center-cooling-07:syn-co-000142
syn-q-data-center-cooling-07	syn-co-000143	0	controlled_constraints	syn-q-data-center-cooling-07:syn-co-000143
syn-q-data-center-cooling-07	syn-co-000144	0	controlled_constraints	syn-q-data-center-cooling-07:syn-co-000144
syn-q-data-center-cooling-08	syn-co-000129	2	controlled_constraints	syn-q-data-center-cooling-08:syn-co-000129
syn-q-data-center-cooling-08	syn-co-000130	2	controlled_constraints	syn-q-data-center-cooling-08:syn-co-000130
syn-q-data-center-cooling-08	syn-co-000131	2	controlled_constraints	syn-q-data-center-cooling-08:syn-co-000131
syn-q-data-center-cooling-08	syn-co-000132	2	controlled_constraints	syn-q-data-center-cooling-08:syn-co-000132
syn-q-data-center-cooling-08	syn-co-000133	2	controlled_constraints	syn-q-data-center-cooling-08:syn-co-000133
syn-q-data-center-cooling-08	syn-co-000134	2	controlled_constraints	syn-q-data-center-cooling-08:syn-co-000134
syn-q-data-center-cooling-08	syn-co-000135	2	controlled_constraints	syn-q-data-center-cooling-08:syn-co-000135
syn-q-data-center-cooling-08	syn-co-000136	2	controlled_constraints	syn-q-data-center-cooling-08:syn-co-000136
syn-q-data-center-cooling-08	syn-co-000137	0	controlled_constraints	syn-q-data-center-cooling-08:syn-co-000137
syn-q-data-center-cooling-08	syn-co-000138	0	controlled_constraints	syn-q-data-center-cooling-08:syn-co-000138
syn-q-data-center-cooling-08	syn-co-000139	0	controlled_constraints	syn-q-data-center-cooling-08:syn-co-000139
syn-q-data-center-cooling-08	syn-co-000140	0	controlled_constraints	syn-q-data-center-cooling-08:syn-co-000140
syn-q-data-center-cooling-08	syn-co-000141	0	controlled_constraints	syn-q-data-center-cooling-08:syn-co-000141
syn-q-data-center-cooling-08	syn-co-000142	0	controlled_constraints	syn-q-data-center-cooling-08:syn-co-000142
syn-q-data-center-cooling-08	syn-co-000143	0	controlled_constraints	syn-q-data-center-cooling-08:syn-co-000143
syn-q-data-center-cooling-08	syn-co-000144	0	controlled_constraints	syn-q-data-center-cooling-08:syn-co-000144
syn-q-data-center-cooling-09	syn-co-000129	2	controlled_constraints	syn-q-data-center-cooling-09:syn-co-000129
syn-q-data-center-cooling-09	syn-co-000130	2	controlled_constraints	syn-q-data-center-cooling-09:syn-co-000130
syn-q-data-center-cooling-09	syn-co-000131	2	controlled_constraints	syn-q-data-center-cooling-09:syn-co-000131
syn-q-data-center-cooling-09	syn-co-000132	2	controlled_constraints	syn-q-data-center-cooling-09:syn-co-000132
syn-q-data-center-cooling-09	syn-co-000133	2	controlled_constraints	syn-q-data-center-cooling-09:syn-co-000133
syn-q-data-center-cooling-09	syn-co-000134	2	controlled_constraints	syn-q-data-center-cooling-09:syn-co-000134
syn-q-data-center-cooling-09	syn-co-000135	2	controlled_constraints	syn-q-data-center-cooling-09:syn-co-000135
syn-q-data-center-cooling-09	syn-co-000136	2	controlled_constraints	syn-q-data-center-cooling-09:syn-co-000136
syn-q-data-center-cooling-09	syn-co-000137	0	controlled_constraints	syn-q-data-center-cooling-09:syn-co-000137
syn-q-data-center-cooling-09	syn-co-000138	0	controlled_constraints	syn-q-data-center-cooling-09:syn-co-000138
syn-q-data-center-cooling-09	syn-co-000139	0	controlled_constraints	syn-q-data-center-cooling-09:syn-co-000139
syn-q-data-center-cooling-09	syn-co-000140	0	controlled_constraints	syn-q-data-center-cooling-09:syn-co-000140
syn-q-data-center-cooling-09	syn-co-000141	0	controlled_constraints	syn-q-data-center-cooling-09:syn-co-000141
syn-q-data-center-cooling-09	syn-co-000142	0	controlled_constraints	syn-q-data-center-cooling-09:syn-co-000142
syn-q-data-center-cooling-09	syn-co-000143	0	controlled_constraints	syn-q-data-center-cooling-09:syn-co-000143
syn-q-data-center-cooling-09	syn-co-000144	0	controlled_constraints	syn-q-data-center-cooling-09:syn-co-000144
syn-q-data-center-cooling-10	syn-co-000129	2	controlled_constraints	syn-q-data-center-cooling-10:syn-co-000129
syn-q-data-center-cooling-10	syn-co-000130	2	controlled_constraints	syn-q-data-center-cooling-10:syn-co-000130
syn-q-data-center-cooling-10	syn-co-000131	2	controlled_constraints	syn-q-data-center-cooling-10:syn-co-000131
syn-q-data-center-cooling-10	syn-co-000132	2	controlled_constraints	syn-q-data-center-cooling-10:syn-co-000132
syn-q-data-center-cooling-10	syn-co-000133	2	controlled_constraints	syn-q-data-center-cooling-10:syn-co-000133
syn-q-data-center-cooling-10	syn-co-000134	2	controlled_constraints	syn-q-data-center-cooling-10:syn-co-000134
syn-q-data-center-cooling-10	syn-co-000135	2	controlled_constraints	syn-q-data-center-cooling-10:syn-co-000135
syn-q-data-center-cooling-10	syn-co-000136	2	controlled_constraints	syn-q-data-center-cooling-10:syn-co-000136
syn-q-data-center-cooling-10	syn-co-000137	0	controlled_constraints	syn-q-data-center-cooling-10:syn-co-000137
syn-q-data-center-cooling-10	syn-co-000138	0	controlled_constraints	syn-q-data-center-cooling-10:syn-co-000138
syn-q-data-center-cooling-10	syn-co-000139	0	controlled_constraints	syn-q-data-center-cooling-10:syn-co-000139
syn-q-data-center-cooling-10	syn-co-000140	0	controlled_constraints	syn-q-data-center-cooling-10:syn-co-000140
syn-q-data-center-cooling-10	syn-co-000141	0	controlled_constraints	syn-q-data-center-cooling-10:syn-co-000141
syn-q-data-center-cooling-10	syn-co-000142	0	controlled_constraints	syn-q-data-center-cooling-10:syn-co-000142
syn-q-data-center-cooling-10	syn-co-000143	0	controlled_constraints	syn-q-data-center-cooling-10:syn-co-000143
syn-q-data-center-cooling-10	syn-co-000144	0	controlled_constraints	syn-q-data-center-cooling-10:syn-co-000144
syn-q-lab-compliance-01	syn-co-000145	2	controlled_constraints	syn-q-lab-compliance-01:syn-co-000145
syn-q-lab-compliance-01	syn-co-000146	2	controlled_constraints	syn-q-lab-compliance-01:syn-co-000146
syn-q-lab-compliance-01	syn-co-000147	2	controlled_constraints	syn-q-lab-compliance-01:syn-co-000147
syn-q-lab-compliance-01	syn-co-000148	2	controlled_constraints	syn-q-lab-compliance-01:syn-co-000148
syn-q-lab-compliance-01	syn-co-000149	2	controlled_constraints	syn-q-lab-compliance-01:syn-co-000149
syn-q-lab-compliance-01	syn-co-000150	2	controlled_constraints	syn-q-lab-compliance-01:syn-co-000150
syn-q-lab-compliance-01	syn-co-000151	2	controlled_constraints	syn-q-lab-compliance-01:syn-co-000151
syn-q-lab-compliance-01	syn-co-000152	2	controlled_constraints	syn-q-lab-compliance-01:syn-co-000152
syn-q-lab-compliance-01	syn-co-000153	0	controlled_constraints	syn-q-lab-compliance-01:syn-co-000153
syn-q-lab-compliance-01	syn-co-000154	0	controlled_constraints	syn-q-lab-compliance-01:syn-co-000154
syn-q-lab-compliance-01	syn-co-000155	0	controlled_constraints	syn-q-lab-compliance-01:syn-co-000155
syn-q-lab-compliance-01	syn-co-000156	0	controlled_constraints	syn-q-lab-compliance-01:syn-co-000156
syn-q-lab-compliance-01	syn-co-000157	0	controlled_constraints	syn-q-lab-compliance-01:syn-co-000157
syn-q-lab-compliance-01	syn-co-000158	0	controlled_constraints	syn-q-lab-compliance-01:syn-co-000158
syn-q-lab-compliance-01	syn-co-000159	0	controlled_constraints	syn-q-lab-compliance-01:syn-co-000159
syn-q-lab-compliance-01	syn-co-000160	0	controlled_constraints	syn-q-lab-compliance-01:syn-co-000160
syn-q-lab-compliance-02	syn-co-000145	2	controlled_constraints	syn-q-lab-compliance-02:syn-co-000145
syn-q-lab-compliance-02	syn-co-000146	2	controlled_constraints	syn-q-lab-compliance-02:syn-co-000146
syn-q-lab-compliance-02	syn-co-000147	2	controlled_constraints	syn-q-lab-compliance-02:syn-co-000147
syn-q-lab-compliance-02	syn-co-000148	2	controlled_constraints	syn-q-lab-compliance-02:syn-co-000148
syn-q-lab-compliance-02	syn-co-000149	2	controlled_constraints	syn-q-lab-compliance-02:syn-co-000149
syn-q-lab-compliance-02	syn-co-000150	2	controlled_constraints	syn-q-lab-compliance-02:syn-co-000150
syn-q-lab-compliance-02	syn-co-000151	2	controlled_constraints	syn-q-lab-compliance-02:syn-co-000151
syn-q-lab-compliance-02	syn-co-000152	2	controlled_constraints	syn-q-lab-compliance-02:syn-co-000152
syn-q-lab-compliance-02	syn-co-000153	0	controlled_constraints	syn-q-lab-compliance-02:syn-co-000153
syn-q-lab-compliance-02	syn-co-000154	0	controlled_constraints	syn-q-lab-compliance-02:syn-co-000154
syn-q-lab-compliance-02	syn-co-000155	0	controlled_constraints	syn-q-lab-compliance-02:syn-co-000155
syn-q-lab-compliance-02	syn-co-000156	0	controlled_constraints	syn-q-lab-compliance-02:syn-co-000156
syn-q-lab-compliance-02	syn-co-000157	0	controlled_constraints	syn-q-lab-compliance-02:syn-co-000157
syn-q-lab-compliance-02	syn-co-000158	0	controlled_constraints	syn-q-lab-compliance-02:syn-co-000158
syn-q-lab-compliance-02	syn-co-000159	0	controlled_constraints	syn-q-lab-compliance-02:syn-co-000159
syn-q-lab-compliance-02	syn-co-000160	0	controlled_constraints	syn-q-lab-compliance-02:syn-co-000160
syn-q-lab-compliance-03	syn-co-000145	2	controlled_constraints	syn-q-lab-compliance-03:syn-co-000145
syn-q-lab-compliance-03	syn-co-000146	2	controlled_constraints	syn-q-lab-compliance-03:syn-co-000146
syn-q-lab-compliance-03	syn-co-000147	2	controlled_constraints	syn-q-lab-compliance-03:syn-co-000147
syn-q-lab-compliance-03	syn-co-000148	2	controlled_constraints	syn-q-lab-compliance-03:syn-co-000148
syn-q-lab-compliance-03	syn-co-000149	2	controlled_constraints	syn-q-lab-compliance-03:syn-co-000149
syn-q-lab-compliance-03	syn-co-000150	2	controlled_constraints	syn-q-lab-compliance-03:syn-co-000150
syn-q-lab-compliance-03	syn-co-000151	2	controlled_constraints	syn-q-lab-compliance-03:syn-co-000151
syn-q-lab-compliance-03	syn-co-000152	2	controlled_constraints	syn-q-lab-compliance-03:syn-co-000152
syn-q-lab-compliance-03	syn-co-000153	0	controlled_constraints	syn-q-lab-compliance-03:syn-co-000153
syn-q-lab-compliance-03	syn-co-000154	0	controlled_constraints	syn-q-lab-compliance-03:syn-co-000154
syn-q-lab-compliance-03	syn-co-000155	0	controlled_constraints	syn-q-lab-compliance-03:syn-co-000155
syn-q-lab-compliance-03	syn-co-000156	0	controlled_constraints	syn-q-lab-compliance-03:syn-co-000156
syn-q-lab-compliance-03	syn-co-000157	0	controlled_constraints	syn-q-lab-compliance-03:syn-co-000157
syn-q-lab-compliance-03	syn-co-000158	0	controlled_constraints	syn-q-lab-compliance-03:syn-co-000158
syn-q-lab-compliance-03	syn-co-000159	0	controlled_constraints	syn-q-lab-compliance-03:syn-co-000159
syn-q-lab-compliance-03	syn-co-000160	0	controlled_constraints	syn-q-lab-compliance-03:syn-co-000160
syn-q-lab-compliance-04	syn-co-000145	2	controlled_constraints	syn-q-lab-compliance-04:syn-co-000145
syn-q-lab-compliance-04	syn-co-000146	2	controlled_constraints	syn-q-lab-compliance-04:syn-co-000146
syn-q-lab-compliance-04	syn-co-000147	2	controlled_constraints	syn-q-lab-compliance-04:syn-co-000147
syn-q-lab-compliance-04	syn-co-000148	2	controlled_constraints	syn-q-lab-compliance-04:syn-co-000148
syn-q-lab-compliance-04	syn-co-000149	2	controlled_constraints	syn-q-lab-compliance-04:syn-co-000149
syn-q-lab-compliance-04	syn-co-000150	2	controlled_constraints	syn-q-lab-compliance-04:syn-co-000150
syn-q-lab-compliance-04	syn-co-000151	2	controlled_constraints	syn-q-lab-compliance-04:syn-co-000151
syn-q-lab-compliance-04	syn-co-000152	2	controlled_constraints	syn-q-lab-compliance-04:syn-co-000152
syn-q-lab-compliance-04	syn-co-000153	0	controlled_constraints	syn-q-lab-compliance-04:syn-co-000153
syn-q-lab-compliance-04	syn-co-000154	0	controlled_constraints	syn-q-lab-compliance-04:syn-co-000154
syn-q-lab-compliance-04	syn-co-000155	0	controlled_constraints	syn-q-lab-compliance-04:syn-co-000155
syn-q-lab-compliance-04	syn-co-000156	0	controlled_constraints	syn-q-lab-compliance-04:syn-co-000156
syn-q-lab-compliance-04	syn-co-000157	0	controlled_constraints	syn-q-lab-compliance-04:syn-co-000157
syn-q-lab-compliance-04	syn-co-000158	0	controlled_constraints	syn-q-lab-compliance-04:syn-co-000158
syn-q-lab-compliance-04	syn-co-000159	0	controlled_constraints	syn-q-lab-compliance-04:syn-co-000159
syn-q-lab-compliance-04	syn-co-000160	0	controlled_constraints	syn-q-lab-compliance-04:syn-co-000160
syn-q-lab-compliance-05	syn-co-000145	2	controlled_constraints	syn-q-lab-compliance-05:syn-co-000145
syn-q-lab-compliance-05	syn-co-000146	2	controlled_constraints	syn-q-lab-compliance-05:syn-co-000146
syn-q-lab-compliance-05	syn-co-000147	2	controlled_constraints	syn-q-lab-compliance-05:syn-co-000147
syn-q-lab-compliance-05	syn-co-000148	2	controlled_constraints	syn-q-lab-compliance-05:syn-co-000148
syn-q-lab-compliance-05	syn-co-000149	2	controlled_constraints	syn-q-lab-compliance-05:syn-co-000149
syn-q-lab-compliance-05	syn-co-000150	2	controlled_constraints	syn-q-lab-compliance-05:syn-co-000150
syn-q-lab-compliance-05	syn-co-000151	2	controlled_constraints	syn-q-lab-compliance-05:syn-co-000151
syn-q-lab-compliance-05	syn-co-000152	2	controlled_constraints	syn-q-lab-compliance-05:syn-co-000152
syn-q-lab-compliance-05	syn-co-000153	0	controlled_constraints	syn-q-lab-compliance-05:syn-co-000153
syn-q-lab-compliance-05	syn-co-000154	0	controlled_constraints	syn-q-lab-compliance-05:syn-co-000154
syn-q-lab-compliance-05	syn-co-000155	0	controlled_constraints	syn-q-lab-compliance-05:syn-co-000155
syn-q-lab-compliance-05	syn-co-000156	0	controlled_constraints	syn-q-lab-compliance-05:syn-co-000156
syn-q-lab-compliance-05	syn-co-000157	0	controlled_constraints	syn-q-lab-compliance-05:syn-co-000157
syn-q-lab-compliance-05	syn-co-000158	0	controlled_constraints	syn-q-lab-compliance-05:syn-co-000158
syn-q-lab-compliance-05	syn-co-000159	0	controlled_constraints	syn-q-lab-compliance-05:syn-co-000159
syn-q-lab-compliance-05	syn-co-000160	0	controlled_constraints	syn-q-lab-compliance-05:syn-co-000160
syn-q-lab-compliance-06	syn-co-000145	2	controlled_constraints	syn-q-lab-compliance-06:syn-co-000145
syn-q-lab-compliance-06	syn-co-000146	2	controlled_constraints	syn-q-lab-compliance-06:syn-co-000146
syn-q-lab-compliance-06	syn-co-000147	2	controlled_constraints	syn-q-lab-compliance-06:syn-co-000147
syn-q-lab-compliance-06	syn-co-000148	2	controlled_constraints	syn-q-lab-compliance-06:syn-co-000148
syn-q-lab-compliance-06	syn-co-000149	2	controlled_constraints	syn-q-lab-compliance-06:syn-co-000149
syn-q-lab-compliance-06	syn-co-000150	2	controlled_constraints	syn-q-lab-compliance-06:syn-co-000150
syn-q-lab-compliance-06	syn-co-000151	2	controlled_constraints	syn-q-lab-compliance-06:syn-co-000151
syn-q-lab-compliance-06	syn-co-000152	2	controlled_constraints	syn-q-lab-compliance-06:syn-co-000152
syn-q-lab-compliance-06	syn-co-000153	0	controlled_constraints	syn-q-lab-compliance-06:syn-co-000153
syn-q-lab-compliance-06	syn-co-000154	0	controlled_constraints	syn-q-lab-compliance-06:syn-co-000154
syn-q-lab-compliance-06	syn-co-000155	0	controlled_constraints	syn-q-lab-compliance-06:syn-co-000155
syn-q-lab-compliance-06	syn-co-000156	0	controlled_constraints	syn-q-lab-compliance-06:syn-co-000156
syn-q-lab-compliance-06	syn-co-000157	0	controlled_constraints	syn-q-lab-compliance-06:syn-co-000157
syn-q-lab-compliance-06	syn-co-000158	0	controlled_constraints	syn-q-lab-compliance-06:syn-co-000158
syn-q-lab-compliance-06	syn-co-000159	0	controlled_constraints	syn-q-lab-compliance-06:syn-co-000159
syn-q-lab-compliance-06	syn-co-000160	0	controlled_constraints	syn-q-lab-compliance-06:syn-co-000160
syn-q-lab-compliance-07	syn-co-000145	2	controlled_constraints	syn-q-lab-compliance-07:syn-co-000145
syn-q-lab-compliance-07	syn-co-000146	2	controlled_constraints	syn-q-lab-compliance-07:syn-co-000146
syn-q-lab-compliance-07	syn-co-000147	2	controlled_constraints	syn-q-lab-compliance-07:syn-co-000147
syn-q-lab-compliance-07	syn-co-000148	2	controlled_constraints	syn-q-lab-compliance-07:syn-co-000148
syn-q-lab-compliance-07	syn-co-000149	2	controlled_constraints	syn-q-lab-compliance-07:syn-co-000149
syn-q-lab-compliance-07	syn-co-000150	2	controlled_constraints	syn-q-lab-compliance-07:syn-co-000150
syn-q-lab-compliance-07	syn-co-000151	2	controlled_constraints	syn-q-lab-compliance-07:syn-co-000151
syn-q-lab-compliance-07	syn-co-000152	2	controlled_constraints	syn-q-lab-compliance-07:syn-co-000152
syn-q-lab-compliance-07	syn-co-000153	0	controlled_constraints	syn-q-lab-compliance-07:syn-co-000153
syn-q-lab-compliance-07	syn-co-000154	0	controlled_constraints	syn-q-lab-compliance-07:syn-co-000154
syn-q-lab-compliance-07	syn-co-000155	0	controlled_constraints	syn-q-lab-compliance-07:syn-co-000155
syn-q-lab-compliance-07	syn-co-000156	0	controlled_constraints	syn-q-lab-compliance-07:syn-co-000156
syn-q-lab-compliance-07	syn-co-000157	0	controlled_constraints	syn-q-lab-compliance-07:syn-co-000157
syn-q-lab-compliance-07	syn-co-000158	0	controlled_constraints	syn-q-lab-compliance-07:syn-co-000158
syn-q-lab-compliance-07	syn-co-000159	0	controlled_constraints	syn-q-lab-compliance-07:syn-co-000159
syn-q-lab-compliance-07	syn-co-000160	0	controlled_constraints	syn-q-lab-compliance-07:syn-co-000160
syn-q-lab-compliance-08	syn-co-000145	2	controlled_constraints	syn-q-lab-compliance-08:syn-co-000145
syn-q-lab-compliance-08	syn-co-000146	2	controlled_constraints	syn-q-lab-compliance-08:syn-co-000146
syn-q-lab-compliance-08	syn-co-000147	2	controlled_constraints	syn-q-lab-compliance-08:syn-co-000147
syn-q-lab-compliance-08	syn-co-000148	2	controlled_constraints	syn-q-lab-compliance-08:syn-co-000148
syn-q-lab-compliance-08	syn-co-000149	2	controlled_constraints	syn-q-lab-compliance-08:syn-co-000149
syn-q-lab-compliance-08	syn-co-000150	2	controlled_constraints	syn-q-lab-compliance-08:syn-co-000150
syn-q-lab-compliance-08	syn-co-000151	2	controlled_constraints	syn-q-lab-compliance-08:syn-co-000151
syn-q-lab-compliance-08	syn-co-000152	2	controlled_constraints	syn-q-lab-compliance-08:syn-co-000152
syn-q-lab-compliance-08	syn-co-000153	0	controlled_constraints	syn-q-lab-compliance-08:syn-co-000153
syn-q-lab-compliance-08	syn-co-000154	0	controlled_constraints	syn-q-lab-compliance-08:syn-co-000154
syn-q-lab-compliance-08	syn-co-000155	0	controlled_constraints	syn-q-lab-compliance-08:syn-co-000155
syn-q-lab-compliance-08	syn-co-000156	0	controlled_constraints	syn-q-lab-compliance-08:syn-co-000156
syn-q-lab-compliance-08	syn-co-000157	0	controlled_constraints	syn-q-lab-compliance-08:syn-co-000157
syn-q-lab-compliance-08	syn-co-000158	0	controlled_constraints	syn-q-lab-compliance-08:syn-co-000158
syn-q-lab-compliance-08	syn-co-000159	0	controlled_constraints	syn-q-lab-compliance-08:syn-co-000159
syn-q-lab-compliance-08	syn-co-000160	0	controlled_constraints	syn-q-lab-compliance-08:syn-co-000160
syn-q-lab-compliance-09	syn-co-000145	2	controlled_constraints	syn-q-lab-compliance-09:syn-co-000145
syn-q-lab-compliance-09	syn-co-000146	2	controlled_constraints	syn-q-lab-compliance-09:syn-co-000146
syn-q-lab-compliance-09	syn-co-000147	2	controlled_constraints	syn-q-lab-compliance-09:syn-co-000147
syn-q-lab-compliance-09	syn-co-000148	2	controlled_constraints	syn-q-lab-compliance-09:syn-co-000148
syn-q-lab-compliance-09	syn-co-000149	2	controlled_constraints	syn-q-lab-compliance-09:syn-co-000149
syn-q-lab-compliance-09	syn-co-000150	2	controlled_constraints	syn-q-lab-compliance-09:syn-co-000150
syn-q-lab-compliance-09	syn-co-000151	2	controlled_constraints	syn-q-lab-compliance-09:syn-co-000151
syn-q-lab-compliance-09	syn-co-000152	2	controlled_constraints	syn-q-lab-compliance-09:syn-co-000152
syn-q-lab-compliance-09	syn-co-000153	0	controlled_constraints	syn-q-lab-compliance-09:syn-co-000153
syn-q-lab-compliance-09	syn-co-000154	0	controlled_constraints	syn-q-lab-compliance-09:syn-co-000154
syn-q-lab-compliance-09	syn-co-000155	0	controlled_constraints	syn-q-lab-compliance-09:syn-co-000155
syn-q-lab-compliance-09	syn-co-000156	0	controlled_constraints	syn-q-lab-compliance-09:syn-co-000156
syn-q-lab-compliance-09	syn-co-000157	0	controlled_constraints	syn-q-lab-compliance-09:syn-co-000157
syn-q-lab-compliance-09	syn-co-000158	0	controlled_constraints	syn-q-lab-compliance-09:syn-co-000158
syn-q-lab-compliance-09	syn-co-000159	0	controlled_constraints	syn-q-lab-compliance-09:syn-co-000159
syn-q-lab-compliance-09	syn-co-000160	0	controlled_constraints	syn-q-lab-compliance-09:syn-co-000160
syn-q-lab-compliance-10	syn-co-000145	2	controlled_constraints	syn-q-lab-compliance-10:syn-co-000145
syn-q-lab-compliance-10	syn-co-000146	2	controlled_constraints	syn-q-lab-compliance-10:syn-co-000146
syn-q-lab-compliance-10	syn-co-000147	2	controlled_constraints	syn-q-lab-compliance-10:syn-co-000147
syn-q-lab-compliance-10	syn-co-000148	2	controlled_constraints	syn-q-lab-compliance-10:syn-co-000148
syn-q-lab-compliance-10	syn-co-000149	2	controlled_constraints	syn-q-lab-compliance-10:syn-co-000149
syn-q-lab-compliance-10	syn-co-000150	2	controlled_constraints	syn-q-lab-compliance-10:syn-co-000150
syn-q-lab-compliance-10	syn-co-000151	2	controlled_constraints	syn-q-lab-compliance-10:syn-co-000151
syn-q-lab-compliance-10	syn-co-000152	2	controlled_constraints	syn-q-lab-compliance-10:syn-co-000152
syn-q-lab-compliance-10	syn-co-000153	0	controlled_constraints	syn-q-lab-compliance-10:syn-co-000153
syn-q-lab-compliance-10	syn-co-000154	0	controlled_constraints	syn-q-lab-compliance-10:syn-co-000154
syn-q-lab-compliance-10	syn-co-000155	0	controlled_constraints	syn-q-lab-compliance-10:syn-co-000155
syn-q-lab-compliance-10	syn-co-000156	0	controlled_constraints	syn-q-lab-compliance-10:syn-co-000156
syn-q-lab-compliance-10	syn-co-000157	0	controlled_constraints	syn-q-lab-compliance-10:syn-co-000157
syn-q-lab-compliance-10	syn-co-000158	0	controlled_constraints	syn-q-lab-compliance-10:syn-co-000158
syn-q-lab-compliance-10	syn-co-000159	0	controlled_constraints	syn-q-lab-compliance-10:syn-co-000159
syn-q-lab-compliance-10	syn-co-000160	0	controlled_constraints	syn-q-lab-compliance-10:syn-co-000160
syn-q-rail-fasteners-01	syn-co-000161	2	controlled_constraints	syn-q-rail-fasteners-01:syn-co-000161
syn-q-rail-fasteners-01	syn-co-000162	2	controlled_constraints	syn-q-rail-fasteners-01:syn-co-000162
syn-q-rail-fasteners-01	syn-co-000163	2	controlled_constraints	syn-q-rail-fasteners-01:syn-co-000163
syn-q-rail-fasteners-01	syn-co-000164	2	controlled_constraints	syn-q-rail-fasteners-01:syn-co-000164
syn-q-rail-fasteners-01	syn-co-000165	2	controlled_constraints	syn-q-rail-fasteners-01:syn-co-000165
syn-q-rail-fasteners-01	syn-co-000166	2	controlled_constraints	syn-q-rail-fasteners-01:syn-co-000166
syn-q-rail-fasteners-01	syn-co-000167	2	controlled_constraints	syn-q-rail-fasteners-01:syn-co-000167
syn-q-rail-fasteners-01	syn-co-000168	2	controlled_constraints	syn-q-rail-fasteners-01:syn-co-000168
syn-q-rail-fasteners-01	syn-co-000169	0	controlled_constraints	syn-q-rail-fasteners-01:syn-co-000169
syn-q-rail-fasteners-01	syn-co-000170	0	controlled_constraints	syn-q-rail-fasteners-01:syn-co-000170
syn-q-rail-fasteners-01	syn-co-000171	0	controlled_constraints	syn-q-rail-fasteners-01:syn-co-000171
syn-q-rail-fasteners-01	syn-co-000172	0	controlled_constraints	syn-q-rail-fasteners-01:syn-co-000172
syn-q-rail-fasteners-01	syn-co-000173	0	controlled_constraints	syn-q-rail-fasteners-01:syn-co-000173
syn-q-rail-fasteners-01	syn-co-000174	0	controlled_constraints	syn-q-rail-fasteners-01:syn-co-000174
syn-q-rail-fasteners-01	syn-co-000175	0	controlled_constraints	syn-q-rail-fasteners-01:syn-co-000175
syn-q-rail-fasteners-01	syn-co-000176	0	controlled_constraints	syn-q-rail-fasteners-01:syn-co-000176
syn-q-rail-fasteners-02	syn-co-000161	2	controlled_constraints	syn-q-rail-fasteners-02:syn-co-000161
syn-q-rail-fasteners-02	syn-co-000162	2	controlled_constraints	syn-q-rail-fasteners-02:syn-co-000162
syn-q-rail-fasteners-02	syn-co-000163	2	controlled_constraints	syn-q-rail-fasteners-02:syn-co-000163
syn-q-rail-fasteners-02	syn-co-000164	2	controlled_constraints	syn-q-rail-fasteners-02:syn-co-000164
syn-q-rail-fasteners-02	syn-co-000165	2	controlled_constraints	syn-q-rail-fasteners-02:syn-co-000165
syn-q-rail-fasteners-02	syn-co-000166	2	controlled_constraints	syn-q-rail-fasteners-02:syn-co-000166
syn-q-rail-fasteners-02	syn-co-000167	2	controlled_constraints	syn-q-rail-fasteners-02:syn-co-000167
syn-q-rail-fasteners-02	syn-co-000168	2	controlled_constraints	syn-q-rail-fasteners-02:syn-co-000168
syn-q-rail-fasteners-02	syn-co-000169	0	controlled_constraints	syn-q-rail-fasteners-02:syn-co-000169
syn-q-rail-fasteners-02	syn-co-000170	0	controlled_constraints	syn-q-rail-fasteners-02:syn-co-000170
syn-q-rail-fasteners-02	syn-co-000171	0	controlled_constraints	syn-q-rail-fasteners-02:syn-co-000171
syn-q-rail-fasteners-02	syn-co-000172	0	controlled_constraints	syn-q-rail-fasteners-02:syn-co-000172
syn-q-rail-fasteners-02	syn-co-000173	0	controlled_constraints	syn-q-rail-fasteners-02:syn-co-000173
syn-q-rail-fasteners-02	syn-co-000174	0	controlled_constraints	syn-q-rail-fasteners-02:syn-co-000174
syn-q-rail-fasteners-02	syn-co-000175	0	controlled_constraints	syn-q-rail-fasteners-02:syn-co-000175
syn-q-rail-fasteners-02	syn-co-000176	0	controlled_constraints	syn-q-rail-fasteners-02:syn-co-000176
syn-q-rail-fasteners-03	syn-co-000161	2	controlled_constraints	syn-q-rail-fasteners-03:syn-co-000161
syn-q-rail-fasteners-03	syn-co-000162	2	controlled_constraints	syn-q-rail-fasteners-03:syn-co-000162
syn-q-rail-fasteners-03	syn-co-000163	2	controlled_constraints	syn-q-rail-fasteners-03:syn-co-000163
syn-q-rail-fasteners-03	syn-co-000164	2	controlled_constraints	syn-q-rail-fasteners-03:syn-co-000164
syn-q-rail-fasteners-03	syn-co-000165	2	controlled_constraints	syn-q-rail-fasteners-03:syn-co-000165
syn-q-rail-fasteners-03	syn-co-000166	2	controlled_constraints	syn-q-rail-fasteners-03:syn-co-000166
syn-q-rail-fasteners-03	syn-co-000167	2	controlled_constraints	syn-q-rail-fasteners-03:syn-co-000167
syn-q-rail-fasteners-03	syn-co-000168	2	controlled_constraints	syn-q-rail-fasteners-03:syn-co-000168
syn-q-rail-fasteners-03	syn-co-000169	0	controlled_constraints	syn-q-rail-fasteners-03:syn-co-000169
syn-q-rail-fasteners-03	syn-co-000170	0	controlled_constraints	syn-q-rail-fasteners-03:syn-co-000170
syn-q-rail-fasteners-03	syn-co-000171	0	controlled_constraints	syn-q-rail-fasteners-03:syn-co-000171
syn-q-rail-fasteners-03	syn-co-000172	0	controlled_constraints	syn-q-rail-fasteners-03:syn-co-000172
syn-q-rail-fasteners-03	syn-co-000173	0	controlled_constraints	syn-q-rail-fasteners-03:syn-co-000173
syn-q-rail-fasteners-03	syn-co-000174	0	controlled_constraints	syn-q-rail-fasteners-03:syn-co-000174
syn-q-rail-fasteners-03	syn-co-000175	0	controlled_constraints	syn-q-rail-fasteners-03:syn-co-000175
syn-q-rail-fasteners-03	syn-co-000176	0	controlled_constraints	syn-q-rail-fasteners-03:syn-co-000176
syn-q-rail-fasteners-04	syn-co-000161	2	controlled_constraints	syn-q-rail-fasteners-04:syn-co-000161
syn-q-rail-fasteners-04	syn-co-000162	2	controlled_constraints	syn-q-rail-fasteners-04:syn-co-000162
syn-q-rail-fasteners-04	syn-co-000163	2	controlled_constraints	syn-q-rail-fasteners-04:syn-co-000163
syn-q-rail-fasteners-04	syn-co-000164	2	controlled_constraints	syn-q-rail-fasteners-04:syn-co-000164
syn-q-rail-fasteners-04	syn-co-000165	2	controlled_constraints	syn-q-rail-fasteners-04:syn-co-000165
syn-q-rail-fasteners-04	syn-co-000166	2	controlled_constraints	syn-q-rail-fasteners-04:syn-co-000166
syn-q-rail-fasteners-04	syn-co-000167	2	controlled_constraints	syn-q-rail-fasteners-04:syn-co-000167
syn-q-rail-fasteners-04	syn-co-000168	2	controlled_constraints	syn-q-rail-fasteners-04:syn-co-000168
syn-q-rail-fasteners-04	syn-co-000169	0	controlled_constraints	syn-q-rail-fasteners-04:syn-co-000169
syn-q-rail-fasteners-04	syn-co-000170	0	controlled_constraints	syn-q-rail-fasteners-04:syn-co-000170
syn-q-rail-fasteners-04	syn-co-000171	0	controlled_constraints	syn-q-rail-fasteners-04:syn-co-000171
syn-q-rail-fasteners-04	syn-co-000172	0	controlled_constraints	syn-q-rail-fasteners-04:syn-co-000172
syn-q-rail-fasteners-04	syn-co-000173	0	controlled_constraints	syn-q-rail-fasteners-04:syn-co-000173
syn-q-rail-fasteners-04	syn-co-000174	0	controlled_constraints	syn-q-rail-fasteners-04:syn-co-000174
syn-q-rail-fasteners-04	syn-co-000175	0	controlled_constraints	syn-q-rail-fasteners-04:syn-co-000175
syn-q-rail-fasteners-04	syn-co-000176	0	controlled_constraints	syn-q-rail-fasteners-04:syn-co-000176
syn-q-rail-fasteners-05	syn-co-000161	2	controlled_constraints	syn-q-rail-fasteners-05:syn-co-000161
syn-q-rail-fasteners-05	syn-co-000162	2	controlled_constraints	syn-q-rail-fasteners-05:syn-co-000162
syn-q-rail-fasteners-05	syn-co-000163	2	controlled_constraints	syn-q-rail-fasteners-05:syn-co-000163
syn-q-rail-fasteners-05	syn-co-000164	2	controlled_constraints	syn-q-rail-fasteners-05:syn-co-000164
syn-q-rail-fasteners-05	syn-co-000165	2	controlled_constraints	syn-q-rail-fasteners-05:syn-co-000165
syn-q-rail-fasteners-05	syn-co-000166	2	controlled_constraints	syn-q-rail-fasteners-05:syn-co-000166
syn-q-rail-fasteners-05	syn-co-000167	2	controlled_constraints	syn-q-rail-fasteners-05:syn-co-000167
syn-q-rail-fasteners-05	syn-co-000168	2	controlled_constraints	syn-q-rail-fasteners-05:syn-co-000168
syn-q-rail-fasteners-05	syn-co-000169	0	controlled_constraints	syn-q-rail-fasteners-05:syn-co-000169
syn-q-rail-fasteners-05	syn-co-000170	0	controlled_constraints	syn-q-rail-fasteners-05:syn-co-000170
syn-q-rail-fasteners-05	syn-co-000171	0	controlled_constraints	syn-q-rail-fasteners-05:syn-co-000171
syn-q-rail-fasteners-05	syn-co-000172	0	controlled_constraints	syn-q-rail-fasteners-05:syn-co-000172
syn-q-rail-fasteners-05	syn-co-000173	0	controlled_constraints	syn-q-rail-fasteners-05:syn-co-000173
syn-q-rail-fasteners-05	syn-co-000174	0	controlled_constraints	syn-q-rail-fasteners-05:syn-co-000174
syn-q-rail-fasteners-05	syn-co-000175	0	controlled_constraints	syn-q-rail-fasteners-05:syn-co-000175
syn-q-rail-fasteners-05	syn-co-000176	0	controlled_constraints	syn-q-rail-fasteners-05:syn-co-000176
syn-q-rail-fasteners-06	syn-co-000161	2	controlled_constraints	syn-q-rail-fasteners-06:syn-co-000161
syn-q-rail-fasteners-06	syn-co-000162	2	controlled_constraints	syn-q-rail-fasteners-06:syn-co-000162
syn-q-rail-fasteners-06	syn-co-000163	2	controlled_constraints	syn-q-rail-fasteners-06:syn-co-000163
syn-q-rail-fasteners-06	syn-co-000164	2	controlled_constraints	syn-q-rail-fasteners-06:syn-co-000164
syn-q-rail-fasteners-06	syn-co-000165	2	controlled_constraints	syn-q-rail-fasteners-06:syn-co-000165
syn-q-rail-fasteners-06	syn-co-000166	2	controlled_constraints	syn-q-rail-fasteners-06:syn-co-000166
syn-q-rail-fasteners-06	syn-co-000167	2	controlled_constraints	syn-q-rail-fasteners-06:syn-co-000167
syn-q-rail-fasteners-06	syn-co-000168	2	controlled_constraints	syn-q-rail-fasteners-06:syn-co-000168
syn-q-rail-fasteners-06	syn-co-000169	0	controlled_constraints	syn-q-rail-fasteners-06:syn-co-000169
syn-q-rail-fasteners-06	syn-co-000170	0	controlled_constraints	syn-q-rail-fasteners-06:syn-co-000170
syn-q-rail-fasteners-06	syn-co-000171	0	controlled_constraints	syn-q-rail-fasteners-06:syn-co-000171
syn-q-rail-fasteners-06	syn-co-000172	0	controlled_constraints	syn-q-rail-fasteners-06:syn-co-000172
syn-q-rail-fasteners-06	syn-co-000173	0	controlled_constraints	syn-q-rail-fasteners-06:syn-co-000173
syn-q-rail-fasteners-06	syn-co-000174	0	controlled_constraints	syn-q-rail-fasteners-06:syn-co-000174
syn-q-rail-fasteners-06	syn-co-000175	0	controlled_constraints	syn-q-rail-fasteners-06:syn-co-000175
syn-q-rail-fasteners-06	syn-co-000176	0	controlled_constraints	syn-q-rail-fasteners-06:syn-co-000176
syn-q-rail-fasteners-07	syn-co-000161	2	controlled_constraints	syn-q-rail-fasteners-07:syn-co-000161
syn-q-rail-fasteners-07	syn-co-000162	2	controlled_constraints	syn-q-rail-fasteners-07:syn-co-000162
syn-q-rail-fasteners-07	syn-co-000163	2	controlled_constraints	syn-q-rail-fasteners-07:syn-co-000163
syn-q-rail-fasteners-07	syn-co-000164	2	controlled_constraints	syn-q-rail-fasteners-07:syn-co-000164
syn-q-rail-fasteners-07	syn-co-000165	2	controlled_constraints	syn-q-rail-fasteners-07:syn-co-000165
syn-q-rail-fasteners-07	syn-co-000166	2	controlled_constraints	syn-q-rail-fasteners-07:syn-co-000166
syn-q-rail-fasteners-07	syn-co-000167	2	controlled_constraints	syn-q-rail-fasteners-07:syn-co-000167
syn-q-rail-fasteners-07	syn-co-000168	2	controlled_constraints	syn-q-rail-fasteners-07:syn-co-000168
syn-q-rail-fasteners-07	syn-co-000169	0	controlled_constraints	syn-q-rail-fasteners-07:syn-co-000169
syn-q-rail-fasteners-07	syn-co-000170	0	controlled_constraints	syn-q-rail-fasteners-07:syn-co-000170
syn-q-rail-fasteners-07	syn-co-000171	0	controlled_constraints	syn-q-rail-fasteners-07:syn-co-000171
syn-q-rail-fasteners-07	syn-co-000172	0	controlled_constraints	syn-q-rail-fasteners-07:syn-co-000172
syn-q-rail-fasteners-07	syn-co-000173	0	controlled_constraints	syn-q-rail-fasteners-07:syn-co-000173
syn-q-rail-fasteners-07	syn-co-000174	0	controlled_constraints	syn-q-rail-fasteners-07:syn-co-000174
syn-q-rail-fasteners-07	syn-co-000175	0	controlled_constraints	syn-q-rail-fasteners-07:syn-co-000175
syn-q-rail-fasteners-07	syn-co-000176	0	controlled_constraints	syn-q-rail-fasteners-07:syn-co-000176
syn-q-rail-fasteners-08	syn-co-000161	2	controlled_constraints	syn-q-rail-fasteners-08:syn-co-000161
syn-q-rail-fasteners-08	syn-co-000162	2	controlled_constraints	syn-q-rail-fasteners-08:syn-co-000162
syn-q-rail-fasteners-08	syn-co-000163	2	controlled_constraints	syn-q-rail-fasteners-08:syn-co-000163
syn-q-rail-fasteners-08	syn-co-000164	2	controlled_constraints	syn-q-rail-fasteners-08:syn-co-000164
syn-q-rail-fasteners-08	syn-co-000165	2	controlled_constraints	syn-q-rail-fasteners-08:syn-co-000165
syn-q-rail-fasteners-08	syn-co-000166	2	controlled_constraints	syn-q-rail-fasteners-08:syn-co-000166
syn-q-rail-fasteners-08	syn-co-000167	2	controlled_constraints	syn-q-rail-fasteners-08:syn-co-000167
syn-q-rail-fasteners-08	syn-co-000168	2	controlled_constraints	syn-q-rail-fasteners-08:syn-co-000168
syn-q-rail-fasteners-08	syn-co-000169	0	controlled_constraints	syn-q-rail-fasteners-08:syn-co-000169
syn-q-rail-fasteners-08	syn-co-000170	0	controlled_constraints	syn-q-rail-fasteners-08:syn-co-000170
syn-q-rail-fasteners-08	syn-co-000171	0	controlled_constraints	syn-q-rail-fasteners-08:syn-co-000171
syn-q-rail-fasteners-08	syn-co-000172	0	controlled_constraints	syn-q-rail-fasteners-08:syn-co-000172
syn-q-rail-fasteners-08	syn-co-000173	0	controlled_constraints	syn-q-rail-fasteners-08:syn-co-000173
syn-q-rail-fasteners-08	syn-co-000174	0	controlled_constraints	syn-q-rail-fasteners-08:syn-co-000174
syn-q-rail-fasteners-08	syn-co-000175	0	controlled_constraints	syn-q-rail-fasteners-08:syn-co-000175
syn-q-rail-fasteners-08	syn-co-000176	0	controlled_constraints	syn-q-rail-fasteners-08:syn-co-000176
syn-q-rail-fasteners-09	syn-co-000161	2	controlled_constraints	syn-q-rail-fasteners-09:syn-co-000161
syn-q-rail-fasteners-09	syn-co-000162	2	controlled_constraints	syn-q-rail-fasteners-09:syn-co-000162
syn-q-rail-fasteners-09	syn-co-000163	2	controlled_constraints	syn-q-rail-fasteners-09:syn-co-000163
syn-q-rail-fasteners-09	syn-co-000164	2	controlled_constraints	syn-q-rail-fasteners-09:syn-co-000164
syn-q-rail-fasteners-09	syn-co-000165	2	controlled_constraints	syn-q-rail-fasteners-09:syn-co-000165
syn-q-rail-fasteners-09	syn-co-000166	2	controlled_constraints	syn-q-rail-fasteners-09:syn-co-000166
syn-q-rail-fasteners-09	syn-co-000167	2	controlled_constraints	syn-q-rail-fasteners-09:syn-co-000167
syn-q-rail-fasteners-09	syn-co-000168	2	controlled_constraints	syn-q-rail-fasteners-09:syn-co-000168
syn-q-rail-fasteners-09	syn-co-000169	0	controlled_constraints	syn-q-rail-fasteners-09:syn-co-000169
syn-q-rail-fasteners-09	syn-co-000170	0	controlled_constraints	syn-q-rail-fasteners-09:syn-co-000170
syn-q-rail-fasteners-09	syn-co-000171	0	controlled_constraints	syn-q-rail-fasteners-09:syn-co-000171
syn-q-rail-fasteners-09	syn-co-000172	0	controlled_constraints	syn-q-rail-fasteners-09:syn-co-000172
syn-q-rail-fasteners-09	syn-co-000173	0	controlled_constraints	syn-q-rail-fasteners-09:syn-co-000173
syn-q-rail-fasteners-09	syn-co-000174	0	controlled_constraints	syn-q-rail-fasteners-09:syn-co-000174
syn-q-rail-fasteners-09	syn-co-000175	0	controlled_constraints	syn-q-rail-fasteners-09:syn-co-000175
syn-q-rail-fasteners-09	syn-co-000176	0	controlled_constraints	syn-q-rail-fasteners-09:syn-co-000176
syn-q-rail-fasteners-10	syn-co-000161	2	controlled_constraints	syn-q-rail-fasteners-10:syn-co-000161
syn-q-rail-fasteners-10	syn-co-000162	2	controlled_constraints	syn-q-rail-fasteners-10:syn-co-000162
syn-q-rail-fasteners-10	syn-co-000163	2	controlled_constraints	syn-q-rail-fasteners-10:syn-co-000163
syn-q-rail-fasteners-10	syn-co-000164	2	controlled_constraints	syn-q-rail-fasteners-10:syn-co-000164
syn-q-rail-fasteners-10	syn-co-000165	2	controlled_constraints	syn-q-rail-fasteners-10:syn-co-000165
syn-q-rail-fasteners-10	syn-co-000166	2	controlled_constraints	syn-q-rail-fasteners-10:syn-co-000166
syn-q-rail-fasteners-10	syn-co-000167	2	controlled_constraints	syn-q-rail-fasteners-10:syn-co-000167
syn-q-rail-fasteners-10	syn-co-000168	2	controlled_constraints	syn-q-rail-fasteners-10:syn-co-000168
syn-q-rail-fasteners-10	syn-co-000169	0	controlled_constraints	syn-q-rail-fasteners-10:syn-co-000169
syn-q-rail-fasteners-10	syn-co-000170	0	controlled_constraints	syn-q-rail-fasteners-10:syn-co-000170
syn-q-rail-fasteners-10	syn-co-000171	0	controlled_constraints	syn-q-rail-fasteners-10:syn-co-000171
syn-q-rail-fasteners-10	syn-co-000172	0	controlled_constraints	syn-q-rail-fasteners-10:syn-co-000172
syn-q-rail-fasteners-10	syn-co-000173	0	controlled_constraints	syn-q-rail-fasteners-10:syn-co-000173
syn-q-rail-fasteners-10	syn-co-000174	0	controlled_constraints	syn-q-rail-fasteners-10:syn-co-000174
syn-q-rail-fasteners-10	syn-co-000175	0	controlled_constraints	syn-q-rail-fasteners-10:syn-co-000175
syn-q-rail-fasteners-10	syn-co-000176	0	controlled_constraints	syn-q-rail-fasteners-10:syn-co-000176
syn-q-municipal-water-sensors-01	syn-co-000177	2	controlled_constraints	syn-q-municipal-water-sensors-01:syn-co-000177
syn-q-municipal-water-sensors-01	syn-co-000178	2	controlled_constraints	syn-q-municipal-water-sensors-01:syn-co-000178
syn-q-municipal-water-sensors-01	syn-co-000179	2	controlled_constraints	syn-q-municipal-water-sensors-01:syn-co-000179
syn-q-municipal-water-sensors-01	syn-co-000180	2	controlled_constraints	syn-q-municipal-water-sensors-01:syn-co-000180
syn-q-municipal-water-sensors-01	syn-co-000181	2	controlled_constraints	syn-q-municipal-water-sensors-01:syn-co-000181
syn-q-municipal-water-sensors-01	syn-co-000182	2	controlled_constraints	syn-q-municipal-water-sensors-01:syn-co-000182
syn-q-municipal-water-sensors-01	syn-co-000183	2	controlled_constraints	syn-q-municipal-water-sensors-01:syn-co-000183
syn-q-municipal-water-sensors-01	syn-co-000184	2	controlled_constraints	syn-q-municipal-water-sensors-01:syn-co-000184
syn-q-municipal-water-sensors-01	syn-co-000185	0	controlled_constraints	syn-q-municipal-water-sensors-01:syn-co-000185
syn-q-municipal-water-sensors-01	syn-co-000186	0	controlled_constraints	syn-q-municipal-water-sensors-01:syn-co-000186
syn-q-municipal-water-sensors-01	syn-co-000187	0	controlled_constraints	syn-q-municipal-water-sensors-01:syn-co-000187
syn-q-municipal-water-sensors-01	syn-co-000188	0	controlled_constraints	syn-q-municipal-water-sensors-01:syn-co-000188
syn-q-municipal-water-sensors-01	syn-co-000189	0	controlled_constraints	syn-q-municipal-water-sensors-01:syn-co-000189
syn-q-municipal-water-sensors-01	syn-co-000190	0	controlled_constraints	syn-q-municipal-water-sensors-01:syn-co-000190
syn-q-municipal-water-sensors-01	syn-co-000191	0	controlled_constraints	syn-q-municipal-water-sensors-01:syn-co-000191
syn-q-municipal-water-sensors-01	syn-co-000192	0	controlled_constraints	syn-q-municipal-water-sensors-01:syn-co-000192
syn-q-municipal-water-sensors-02	syn-co-000177	2	controlled_constraints	syn-q-municipal-water-sensors-02:syn-co-000177
syn-q-municipal-water-sensors-02	syn-co-000178	2	controlled_constraints	syn-q-municipal-water-sensors-02:syn-co-000178
syn-q-municipal-water-sensors-02	syn-co-000179	2	controlled_constraints	syn-q-municipal-water-sensors-02:syn-co-000179
syn-q-municipal-water-sensors-02	syn-co-000180	2	controlled_constraints	syn-q-municipal-water-sensors-02:syn-co-000180
syn-q-municipal-water-sensors-02	syn-co-000181	2	controlled_constraints	syn-q-municipal-water-sensors-02:syn-co-000181
syn-q-municipal-water-sensors-02	syn-co-000182	2	controlled_constraints	syn-q-municipal-water-sensors-02:syn-co-000182
syn-q-municipal-water-sensors-02	syn-co-000183	2	controlled_constraints	syn-q-municipal-water-sensors-02:syn-co-000183
syn-q-municipal-water-sensors-02	syn-co-000184	2	controlled_constraints	syn-q-municipal-water-sensors-02:syn-co-000184
syn-q-municipal-water-sensors-02	syn-co-000185	0	controlled_constraints	syn-q-municipal-water-sensors-02:syn-co-000185
syn-q-municipal-water-sensors-02	syn-co-000186	0	controlled_constraints	syn-q-municipal-water-sensors-02:syn-co-000186
syn-q-municipal-water-sensors-02	syn-co-000187	0	controlled_constraints	syn-q-municipal-water-sensors-02:syn-co-000187
syn-q-municipal-water-sensors-02	syn-co-000188	0	controlled_constraints	syn-q-municipal-water-sensors-02:syn-co-000188
syn-q-municipal-water-sensors-02	syn-co-000189	0	controlled_constraints	syn-q-municipal-water-sensors-02:syn-co-000189
syn-q-municipal-water-sensors-02	syn-co-000190	0	controlled_constraints	syn-q-municipal-water-sensors-02:syn-co-000190
syn-q-municipal-water-sensors-02	syn-co-000191	0	controlled_constraints	syn-q-municipal-water-sensors-02:syn-co-000191
syn-q-municipal-water-sensors-02	syn-co-000192	0	controlled_constraints	syn-q-municipal-water-sensors-02:syn-co-000192
syn-q-municipal-water-sensors-03	syn-co-000177	2	controlled_constraints	syn-q-municipal-water-sensors-03:syn-co-000177
syn-q-municipal-water-sensors-03	syn-co-000178	2	controlled_constraints	syn-q-municipal-water-sensors-03:syn-co-000178
syn-q-municipal-water-sensors-03	syn-co-000179	2	controlled_constraints	syn-q-municipal-water-sensors-03:syn-co-000179
syn-q-municipal-water-sensors-03	syn-co-000180	2	controlled_constraints	syn-q-municipal-water-sensors-03:syn-co-000180
syn-q-municipal-water-sensors-03	syn-co-000181	2	controlled_constraints	syn-q-municipal-water-sensors-03:syn-co-000181
syn-q-municipal-water-sensors-03	syn-co-000182	2	controlled_constraints	syn-q-municipal-water-sensors-03:syn-co-000182
syn-q-municipal-water-sensors-03	syn-co-000183	2	controlled_constraints	syn-q-municipal-water-sensors-03:syn-co-000183
syn-q-municipal-water-sensors-03	syn-co-000184	2	controlled_constraints	syn-q-municipal-water-sensors-03:syn-co-000184
syn-q-municipal-water-sensors-03	syn-co-000185	0	controlled_constraints	syn-q-municipal-water-sensors-03:syn-co-000185
syn-q-municipal-water-sensors-03	syn-co-000186	0	controlled_constraints	syn-q-municipal-water-sensors-03:syn-co-000186
syn-q-municipal-water-sensors-03	syn-co-000187	0	controlled_constraints	syn-q-municipal-water-sensors-03:syn-co-000187
syn-q-municipal-water-sensors-03	syn-co-000188	0	controlled_constraints	syn-q-municipal-water-sensors-03:syn-co-000188
syn-q-municipal-water-sensors-03	syn-co-000189	0	controlled_constraints	syn-q-municipal-water-sensors-03:syn-co-000189
syn-q-municipal-water-sensors-03	syn-co-000190	0	controlled_constraints	syn-q-municipal-water-sensors-03:syn-co-000190
syn-q-municipal-water-sensors-03	syn-co-000191	0	controlled_constraints	syn-q-municipal-water-sensors-03:syn-co-000191
syn-q-municipal-water-sensors-03	syn-co-000192	0	controlled_constraints	syn-q-municipal-water-sensors-03:syn-co-000192
syn-q-municipal-water-sensors-04	syn-co-000177	2	controlled_constraints	syn-q-municipal-water-sensors-04:syn-co-000177
syn-q-municipal-water-sensors-04	syn-co-000178	2	controlled_constraints	syn-q-municipal-water-sensors-04:syn-co-000178
syn-q-municipal-water-sensors-04	syn-co-000179	2	controlled_constraints	syn-q-municipal-water-sensors-04:syn-co-000179
syn-q-municipal-water-sensors-04	syn-co-000180	2	controlled_constraints	syn-q-municipal-water-sensors-04:syn-co-000180
syn-q-municipal-water-sensors-04	syn-co-000181	2	controlled_constraints	syn-q-municipal-water-sensors-04:syn-co-000181
syn-q-municipal-water-sensors-04	syn-co-000182	2	controlled_constraints	syn-q-municipal-water-sensors-04:syn-co-000182
syn-q-municipal-water-sensors-04	syn-co-000183	2	controlled_constraints	syn-q-municipal-water-sensors-04:syn-co-000183
syn-q-municipal-water-sensors-04	syn-co-000184	2	controlled_constraints	syn-q-municipal-water-sensors-04:syn-co-000184
syn-q-municipal-water-sensors-04	syn-co-000185	0	controlled_constraints	syn-q-municipal-water-sensors-04:syn-co-000185
syn-q-municipal-water-sensors-04	syn-co-000186	0	controlled_constraints	syn-q-municipal-water-sensors-04:syn-co-000186
syn-q-municipal-water-sensors-04	syn-co-000187	0	controlled_constraints	syn-q-municipal-water-sensors-04:syn-co-000187
syn-q-municipal-water-sensors-04	syn-co-000188	0	controlled_constraints	syn-q-municipal-water-sensors-04:syn-co-000188
syn-q-municipal-water-sensors-04	syn-co-000189	0	controlled_constraints	syn-q-municipal-water-sensors-04:syn-co-000189
syn-q-municipal-water-sensors-04	syn-co-000190	0	controlled_constraints	syn-q-municipal-water-sensors-04:syn-co-000190
syn-q-municipal-water-sensors-04	syn-co-000191	0	controlled_constraints	syn-q-municipal-water-sensors-04:syn-co-000191
syn-q-municipal-water-sensors-04	syn-co-000192	0	controlled_constraints	syn-q-municipal-water-sensors-04:syn-co-000192
syn-q-municipal-water-sensors-05	syn-co-000177	2	controlled_constraints	syn-q-municipal-water-sensors-05:syn-co-000177
syn-q-municipal-water-sensors-05	syn-co-000178	2	controlled_constraints	syn-q-municipal-water-sensors-05:syn-co-000178
syn-q-municipal-water-sensors-05	syn-co-000179	2	controlled_constraints	syn-q-municipal-water-sensors-05:syn-co-000179
syn-q-municipal-water-sensors-05	syn-co-000180	2	controlled_constraints	syn-q-municipal-water-sensors-05:syn-co-000180
syn-q-municipal-water-sensors-05	syn-co-000181	2	controlled_constraints	syn-q-municipal-water-sensors-05:syn-co-000181
syn-q-municipal-water-sensors-05	syn-co-000182	2	controlled_constraints	syn-q-municipal-water-sensors-05:syn-co-000182
syn-q-municipal-water-sensors-05	syn-co-000183	2	controlled_constraints	syn-q-municipal-water-sensors-05:syn-co-000183
syn-q-municipal-water-sensors-05	syn-co-000184	2	controlled_constraints	syn-q-municipal-water-sensors-05:syn-co-000184
syn-q-municipal-water-sensors-05	syn-co-000185	0	controlled_constraints	syn-q-municipal-water-sensors-05:syn-co-000185
syn-q-municipal-water-sensors-05	syn-co-000186	0	controlled_constraints	syn-q-municipal-water-sensors-05:syn-co-000186
syn-q-municipal-water-sensors-05	syn-co-000187	0	controlled_constraints	syn-q-municipal-water-sensors-05:syn-co-000187
syn-q-municipal-water-sensors-05	syn-co-000188	0	controlled_constraints	syn-q-municipal-water-sensors-05:syn-co-000188
syn-q-municipal-water-sensors-05	syn-co-000189	0	controlled_constraints	syn-q-municipal-water-sensors-05:syn-co-000189
syn-q-municipal-water-sensors-05	syn-co-000190	0	controlled_constraints	syn-q-municipal-water-sensors-05:syn-co-000190
syn-q-municipal-water-sensors-05	syn-co-000191	0	controlled_constraints	syn-q-municipal-water-sensors-05:syn-co-000191
syn-q-municipal-water-sensors-05	syn-co-000192	0	controlled_constraints	syn-q-municipal-water-sensors-05:syn-co-000192
syn-q-municipal-water-sensors-06	syn-co-000177	2	controlled_constraints	syn-q-municipal-water-sensors-06:syn-co-000177
syn-q-municipal-water-sensors-06	syn-co-000178	2	controlled_constraints	syn-q-municipal-water-sensors-06:syn-co-000178
syn-q-municipal-water-sensors-06	syn-co-000179	2	controlled_constraints	syn-q-municipal-water-sensors-06:syn-co-000179
syn-q-municipal-water-sensors-06	syn-co-000180	2	controlled_constraints	syn-q-municipal-water-sensors-06:syn-co-000180
syn-q-municipal-water-sensors-06	syn-co-000181	2	controlled_constraints	syn-q-municipal-water-sensors-06:syn-co-000181
syn-q-municipal-water-sensors-06	syn-co-000182	2	controlled_constraints	syn-q-municipal-water-sensors-06:syn-co-000182
syn-q-municipal-water-sensors-06	syn-co-000183	2	controlled_constraints	syn-q-municipal-water-sensors-06:syn-co-000183
syn-q-municipal-water-sensors-06	syn-co-000184	2	controlled_constraints	syn-q-municipal-water-sensors-06:syn-co-000184
syn-q-municipal-water-sensors-06	syn-co-000185	0	controlled_constraints	syn-q-municipal-water-sensors-06:syn-co-000185
syn-q-municipal-water-sensors-06	syn-co-000186	0	controlled_constraints	syn-q-municipal-water-sensors-06:syn-co-000186
syn-q-municipal-water-sensors-06	syn-co-000187	0	controlled_constraints	syn-q-municipal-water-sensors-06:syn-co-000187
syn-q-municipal-water-sensors-06	syn-co-000188	0	controlled_constraints	syn-q-municipal-water-sensors-06:syn-co-000188
syn-q-municipal-water-sensors-06	syn-co-000189	0	controlled_constraints	syn-q-municipal-water-sensors-06:syn-co-000189
syn-q-municipal-water-sensors-06	syn-co-000190	0	controlled_constraints	syn-q-municipal-water-sensors-06:syn-co-000190
syn-q-municipal-water-sensors-06	syn-co-000191	0	controlled_constraints	syn-q-municipal-water-sensors-06:syn-co-000191
syn-q-municipal-water-sensors-06	syn-co-000192	0	controlled_constraints	syn-q-municipal-water-sensors-06:syn-co-000192
syn-q-municipal-water-sensors-07	syn-co-000177	2	controlled_constraints	syn-q-municipal-water-sensors-07:syn-co-000177
syn-q-municipal-water-sensors-07	syn-co-000178	2	controlled_constraints	syn-q-municipal-water-sensors-07:syn-co-000178
syn-q-municipal-water-sensors-07	syn-co-000179	2	controlled_constraints	syn-q-municipal-water-sensors-07:syn-co-000179
syn-q-municipal-water-sensors-07	syn-co-000180	2	controlled_constraints	syn-q-municipal-water-sensors-07:syn-co-000180
syn-q-municipal-water-sensors-07	syn-co-000181	2	controlled_constraints	syn-q-municipal-water-sensors-07:syn-co-000181
syn-q-municipal-water-sensors-07	syn-co-000182	2	controlled_constraints	syn-q-municipal-water-sensors-07:syn-co-000182
syn-q-municipal-water-sensors-07	syn-co-000183	2	controlled_constraints	syn-q-municipal-water-sensors-07:syn-co-000183
syn-q-municipal-water-sensors-07	syn-co-000184	2	controlled_constraints	syn-q-municipal-water-sensors-07:syn-co-000184
syn-q-municipal-water-sensors-07	syn-co-000185	0	controlled_constraints	syn-q-municipal-water-sensors-07:syn-co-000185
syn-q-municipal-water-sensors-07	syn-co-000186	0	controlled_constraints	syn-q-municipal-water-sensors-07:syn-co-000186
syn-q-municipal-water-sensors-07	syn-co-000187	0	controlled_constraints	syn-q-municipal-water-sensors-07:syn-co-000187
syn-q-municipal-water-sensors-07	syn-co-000188	0	controlled_constraints	syn-q-municipal-water-sensors-07:syn-co-000188
syn-q-municipal-water-sensors-07	syn-co-000189	0	controlled_constraints	syn-q-municipal-water-sensors-07:syn-co-000189
syn-q-municipal-water-sensors-07	syn-co-000190	0	controlled_constraints	syn-q-municipal-water-sensors-07:syn-co-000190
syn-q-municipal-water-sensors-07	syn-co-000191	0	controlled_constraints	syn-q-municipal-water-sensors-07:syn-co-000191
syn-q-municipal-water-sensors-07	syn-co-000192	0	controlled_constraints	syn-q-municipal-water-sensors-07:syn-co-000192
syn-q-municipal-water-sensors-08	syn-co-000177	2	controlled_constraints	syn-q-municipal-water-sensors-08:syn-co-000177
syn-q-municipal-water-sensors-08	syn-co-000178	2	controlled_constraints	syn-q-municipal-water-sensors-08:syn-co-000178
syn-q-municipal-water-sensors-08	syn-co-000179	2	controlled_constraints	syn-q-municipal-water-sensors-08:syn-co-000179
syn-q-municipal-water-sensors-08	syn-co-000180	2	controlled_constraints	syn-q-municipal-water-sensors-08:syn-co-000180
syn-q-municipal-water-sensors-08	syn-co-000181	2	controlled_constraints	syn-q-municipal-water-sensors-08:syn-co-000181
syn-q-municipal-water-sensors-08	syn-co-000182	2	controlled_constraints	syn-q-municipal-water-sensors-08:syn-co-000182
syn-q-municipal-water-sensors-08	syn-co-000183	2	controlled_constraints	syn-q-municipal-water-sensors-08:syn-co-000183
syn-q-municipal-water-sensors-08	syn-co-000184	2	controlled_constraints	syn-q-municipal-water-sensors-08:syn-co-000184
syn-q-municipal-water-sensors-08	syn-co-000185	0	controlled_constraints	syn-q-municipal-water-sensors-08:syn-co-000185
syn-q-municipal-water-sensors-08	syn-co-000186	0	controlled_constraints	syn-q-municipal-water-sensors-08:syn-co-000186
syn-q-municipal-water-sensors-08	syn-co-000187	0	controlled_constraints	syn-q-municipal-water-sensors-08:syn-co-000187
syn-q-municipal-water-sensors-08	syn-co-000188	0	controlled_constraints	syn-q-municipal-water-sensors-08:syn-co-000188
syn-q-municipal-water-sensors-08	syn-co-000189	0	controlled_constraints	syn-q-municipal-water-sensors-08:syn-co-000189
syn-q-municipal-water-sensors-08	syn-co-000190	0	controlled_constraints	syn-q-municipal-water-sensors-08:syn-co-000190
syn-q-municipal-water-sensors-08	syn-co-000191	0	controlled_constraints	syn-q-municipal-water-sensors-08:syn-co-000191
syn-q-municipal-water-sensors-08	syn-co-000192	0	controlled_constraints	syn-q-municipal-water-sensors-08:syn-co-000192
syn-q-municipal-water-sensors-09	syn-co-000177	2	controlled_constraints	syn-q-municipal-water-sensors-09:syn-co-000177
syn-q-municipal-water-sensors-09	syn-co-000178	2	controlled_constraints	syn-q-municipal-water-sensors-09:syn-co-000178
syn-q-municipal-water-sensors-09	syn-co-000179	2	controlled_constraints	syn-q-municipal-water-sensors-09:syn-co-000179
syn-q-municipal-water-sensors-09	syn-co-000180	2	controlled_constraints	syn-q-municipal-water-sensors-09:syn-co-000180
syn-q-municipal-water-sensors-09	syn-co-000181	2	controlled_constraints	syn-q-municipal-water-sensors-09:syn-co-000181
syn-q-municipal-water-sensors-09	syn-co-000182	2	controlled_constraints	syn-q-municipal-water-sensors-09:syn-co-000182
syn-q-municipal-water-sensors-09	syn-co-000183	2	controlled_constraints	syn-q-municipal-water-sensors-09:syn-co-000183
syn-q-municipal-water-sensors-09	syn-co-000184	2	controlled_constraints	syn-q-municipal-water-sensors-09:syn-co-000184
syn-q-municipal-water-sensors-09	syn-co-000185	0	controlled_constraints	syn-q-municipal-water-sensors-09:syn-co-000185
syn-q-municipal-water-sensors-09	syn-co-000186	0	controlled_constraints	syn-q-municipal-water-sensors-09:syn-co-000186
syn-q-municipal-water-sensors-09	syn-co-000187	0	controlled_constraints	syn-q-municipal-water-sensors-09:syn-co-000187
syn-q-municipal-water-sensors-09	syn-co-000188	0	controlled_constraints	syn-q-municipal-water-sensors-09:syn-co-000188
syn-q-municipal-water-sensors-09	syn-co-000189	0	controlled_constraints	syn-q-municipal-water-sensors-09:syn-co-000189
syn-q-municipal-water-sensors-09	syn-co-000190	0	controlled_constraints	syn-q-municipal-water-sensors-09:syn-co-000190
syn-q-municipal-water-sensors-09	syn-co-000191	0	controlled_constraints	syn-q-municipal-water-sensors-09:syn-co-000191
syn-q-municipal-water-sensors-09	syn-co-000192	0	controlled_constraints	syn-q-municipal-water-sensors-09:syn-co-000192
syn-q-municipal-water-sensors-10	syn-co-000177	2	controlled_constraints	syn-q-municipal-water-sensors-10:syn-co-000177
syn-q-municipal-water-sensors-10	syn-co-000178	2	controlled_constraints	syn-q-municipal-water-sensors-10:syn-co-000178
syn-q-municipal-water-sensors-10	syn-co-000179	2	controlled_constraints	syn-q-municipal-water-sensors-10:syn-co-000179
syn-q-municipal-water-sensors-10	syn-co-000180	2	controlled_constraints	syn-q-municipal-water-sensors-10:syn-co-000180
syn-q-municipal-water-sensors-10	syn-co-000181	2	controlled_constraints	syn-q-municipal-water-sensors-10:syn-co-000181
syn-q-municipal-water-sensors-10	syn-co-000182	2	controlled_constraints	syn-q-municipal-water-sensors-10:syn-co-000182
syn-q-municipal-water-sensors-10	syn-co-000183	2	controlled_constraints	syn-q-municipal-water-sensors-10:syn-co-000183
syn-q-municipal-water-sensors-10	syn-co-000184	2	controlled_constraints	syn-q-municipal-water-sensors-10:syn-co-000184
syn-q-municipal-water-sensors-10	syn-co-000185	0	controlled_constraints	syn-q-municipal-water-sensors-10:syn-co-000185
syn-q-municipal-water-sensors-10	syn-co-000186	0	controlled_constraints	syn-q-municipal-water-sensors-10:syn-co-000186
syn-q-municipal-water-sensors-10	syn-co-000187	0	controlled_constraints	syn-q-municipal-water-sensors-10:syn-co-000187
syn-q-municipal-water-sensors-10	syn-co-000188	0	controlled_constraints	syn-q-municipal-water-sensors-10:syn-co-000188
syn-q-municipal-water-sensors-10	syn-co-000189	0	controlled_constraints	syn-q-municipal-water-sensors-10:syn-co-000189
syn-q-municipal-water-sensors-10	syn-co-000190	0	controlled_constraints	syn-q-municipal-water-sensors-10:syn-co-000190
syn-q-municipal-water-sensors-10	syn-co-000191	0	controlled_constraints	syn-q-municipal-water-sensors-10:syn-co-000191
syn-q-municipal-water-sensors-10	syn-co-000192	0	controlled_constraints	syn-q-municipal-water-sensors-10:syn-co-000192
